Claim,Type,Source,Position,On Target Page,Category,Action
Water softeners remove hardness minerals (calcium and magnesium) through ion exchange,Consensus,waterfilterguru.com | uswatersystems.com,1 | 2,Unknown,Competitor Analysis,Ensure covered
Salt-free conditioners prevent scale without removing hardness or adding sodium,Consensus,waterfilterguru.com | uswatersystems.com,1 | 2,Unknown,Competitor Analysis,Ensure covered
Regeneration is needed when resin becomes saturated with hardness minerals,Consensus,uswatersystems.com | www.softprowatersystems.com,2 | 9,Unknown,Competitor Analysis,Ensure covered
Demand-initiated regeneration is more efficient than timer-based,Consensus,uswatersystems.com | midatlanticwater.net | www.softprowatersystems.com,2 | 4 | 9,Unknown,Competitor Analysis,Ensure covered
Water softener size depends on household size and water hardness,Consensus,waterfilterguru.com | www.culligan.com,1 | 3,Unknown,Competitor Analysis,Ensure covered
Bypass valves allow water to skip the softener during maintenance,Consensus,www.culligan.com | midatlanticwater.net | www.softprowatersystems.com,3 | 4 | 9,Unknown,Competitor Analysis,Ensure covered
Hard water causes scale buildup in plumbing and appliances,Consensus,waterfilterguru.com | www.culligan.com,1 | 3,Unknown,Competitor Analysis,Ensure covered
Water softeners extend the life of water-using appliances,Consensus,www.culligan.com | www.weilhammerplumbing.com,3 | 10,Unknown,Competitor Analysis,Ensure covered
Regular maintenance includes salt refills and brine tank cleaning,Consensus,waterfilterguru.com | www.weilhammerplumbing.com,1 | 10,Unknown,Competitor Analysis,Ensure covered
Installation should be near the main water line entry point,Consensus,www.culligan.com | www.weilhammerplumbing.com,3 | 10,Unknown,Competitor Analysis,Ensure covered
85% of the USA has hard water,Competitor Unique,waterfilterguru.com,1,No,Competitor Analysis,Consolidate onto page
SpringWell SS reduced hardness 97.5% in lab testing (13.71 to 0.34 GPG),Competitor Unique,waterfilterguru.com,1,No,Competitor Analysis,Consolidate onto page
SoftPro Elite is the most salt-efficient softener tested,Competitor Unique,waterfilterguru.com,1,No,Competitor Analysis,Consolidate onto page
Fleck 5600SXT has the lowest entry price among tank systems,Competitor Unique,waterfilterguru.com,1,No,Competitor Analysis,Consolidate onto page
Electronic descalers use no salt and no tank,Competitor Unique,waterfilterguru.com,1,No,Competitor Analysis,Consolidate onto page
Kind E-2000 cartridge conditioner is easiest to install,Competitor Unique,waterfilterguru.com,1,No,Competitor Analysis,Consolidate onto page
The resin bed contains millions of polystyrene beads,Competitor Unique,uswatersystems.com,2,No,Competitor Analysis,Consolidate onto page
"Grain capacity ranges from 24,000 to 80,000 grains for residential systems",Competitor Unique,uswatersystems.com,2,No,Competitor Analysis,Consolidate onto page
Salt-free systems do not require electricity or drainage,Competitor Unique,uswatersystems.com,2,No,Competitor Analysis,Consolidate onto page
Culligan offers free in-home water analysis,Competitor Unique,www.culligan.com,3,No,Competitor Analysis,Consolidate onto page
High-efficiency softeners use up to 50% less salt than older models,Competitor Unique,www.culligan.com,3,No,Competitor Analysis,Consolidate onto page
Softened water reduces soap and detergent usage by up to 50%,Competitor Unique,www.culligan.com,3,No,Competitor Analysis,Consolidate onto page
Iron can damage softener resin and may require a pre-treatment filter,Competitor Unique,www.culligan.com,3,No,Competitor Analysis,Consolidate onto page
Twin-tank systems alternate between two tanks for continuous softening,Competitor Unique,midatlanticwater.net,4,No,Competitor Analysis,Consolidate onto page
"Cost ranges from $300 to $3,000 depending on type and capacity",Competitor Unique,midatlanticwater.net,4,No,Competitor Analysis,Consolidate onto page
Installation costs add $200 to $600 to total price,Competitor Unique,midatlanticwater.net,4,No,Competitor Analysis,Consolidate onto page
Annual salt costs range from $100 to $300,Competitor Unique,midatlanticwater.net,4,No,Competitor Analysis,Consolidate onto page
Potassium chloride costs 2-3 times more than sodium salt,Competitor Unique,midatlanticwater.net,4,No,Competitor Analysis,Consolidate onto page
SoftPro Elite uses up to 46% less salt than standard softeners,SoftPro Unique,www.softprowatersystems.com,9,Yes,Competitor Analysis,Already on page
"SoftPro Elite has a grain capacity of 48,000 grains",SoftPro Unique,www.softprowatersystems.com,9,Yes,Competitor Analysis,Already on page
SoftPro systems come with a 10-year warranty,SoftPro Unique,www.softprowatersystems.com,9,Yes,Competitor Analysis,Already on page
SoftPro offers free shipping within the continental US,SoftPro Unique,www.softprowatersystems.com,9,Yes,Competitor Analysis,Already on page
SoftPro uses NSF-certified components,SoftPro Unique,www.softprowatersystems.com,9,Yes,Competitor Analysis,Already on page
Regular salt refills needed every 2-3 months,Competitor Unique,www.weilhammerplumbing.com,10,No,Competitor Analysis,Consolidate onto page
Older homes may need plumbing modifications to accommodate a softener,Competitor Unique,www.weilhammerplumbing.com,10,No,Competitor Analysis,Consolidate onto page
Water softeners can be installed outdoors in mild climates with protection,Competitor Unique,www.weilhammerplumbing.com,10,No,Competitor Analysis,Consolidate onto page
"For medium households (3-4 people) with moderate laundry frequency: A 12,000-16,000 gpg softener is recommended",SoftPro Site Claim,should-i-consider-laundry-habits-when-sizing-my-water-soften,N/A,No,Other,Add to page
"Remember, consulting a water treatment professional is always recommended for tailored advice and optimal water softener selection",SoftPro Site Claim,should-i-consider-laundry-habits-when-sizing-my-water-soften,N/A,No,Other,Add to page
"They can assess your specific water quality, usage patterns, and budget to recommend the ideal solution for soft, clean water throughout your home",SoftPro Site Claim,should-i-consider-laundry-habits-when-sizing-my-water-soften,N/A,No,Maintenance,Add to page
"Iron Concentration (PPM) Impact 0 PPM No staining, water tastes right and looks clear 0",SoftPro Site Claim,iron-water-filters-for-whole-house-systems-what-plumbers-don,N/A,No,Performance Spec,Add to page
"Katalox Light Systems : The heavyweights of iron filters— taking out up to 30 ppm of iron, and giving sulfur and manganese a one-way ticket out",SoftPro Site Claim,iron-water-filters-for-whole-house-systems-what-plumbers-don,N/A,No,Performance Spec,Add to page
"3 ppm, it’s time to think upgrade",SoftPro Site Claim,best-iron-filters-for-wells-why-owners-are-ditching-traditio,N/A,No,Performance Spec,Add to page
Install Bypass Valve The bypass valve lets us isolate the softener without cutting off all water—handy for tweaks or emergencies,SoftPro Site Claim,water-softener-setup-for-beginners,N/A,No,SoftPro Advantage,Add to page
"Attach the feed line from your bypass valve to the house inlet and tighten the nuts by hand, then a quarter-turn with a wrench",SoftPro Site Claim,water-softener-setup-for-beginners,N/A,No,SoftPro Advantage,Add to page
Program Control Valve Our digital control valve takes the guesswork out of regeneration,SoftPro Site Claim,water-softener-setup-for-beginners,N/A,No,Other,Add to page
Schedule Regeneration Cycle Choose a low-use time like 2 AM and set your preferred interval (we usually recommend every 7 days),SoftPro Site Claim,water-softener-setup-for-beginners,N/A,No,Other,Add to page
Flush And Test System Initial Fill and Rinse Slowly open the bypass valve to let water fill the resin tank,SoftPro Site Claim,water-softener-setup-for-beginners,N/A,No,Maintenance,Add to page
"SoftPro, with over 25 years of experience, prioritizes innovation and user-friendly systems",SoftPro Site Claim,vs-3m,N/A,No,SoftPro Advantage,Add to page
"Generally: SoftPro: Offers a wider range of price points, with basic models starting at around $400 and advanced models reaching $1,200 or more",SoftPro Site Claim,vs-3m,N/A,No,Pricing/Cost,Add to page
"3M: Tends to have a slightly higher price point on average, with basic models starting around $500 and advanced models exceeding $1,500",SoftPro Site Claim,vs-3m,N/A,No,Pricing/Cost,Add to page
Professional installation: Recommended for complex systems or those lacking DIY skills,SoftPro Site Claim,vs-3m,N/A,No,Other,Add to page
"Costs typically range between $150 and $300, depending on location and complexity",SoftPro Site Claim,vs-3m,N/A,No,Pricing/Cost,Add to page
"Professional installation: Recommended for complex systems, warranty protection, and peace of mind",SoftPro Site Claim,vs-3m,N/A,No,Maintenance,Add to page
System suitability: Recommend the most effective and efficient solution for your water challenges,SoftPro Site Claim,vs-3m,N/A,No,Other,Add to page
"Schedule regular maintenance, typically including salt refilling and system cleaning, according to the recommended frequency",SoftPro Site Claim,vs-3m,N/A,No,Maintenance,Add to page
Utilize features like leak detection and bypass valves to prevent water waste in case of malfunctions,SoftPro Site Claim,vs-3m,N/A,No,SoftPro Advantage,Add to page
Testing every 2-3 years is usually sufficient for city or town water unless you notice a drastic change in water quality (e,SoftPro Site Claim,how-often-should-i-test-my-water-hardness-why-it-matters,N/A,No,Other,Add to page
"Water Softener Companies Many water softener companies provide water testing services, often as a free consultation when considering their products",SoftPro Site Claim,how-often-should-i-test-my-water-hardness-why-it-matters,N/A,No,Other,Add to page
Their tests are designed to inform recommendations for water softener systems if your results indicate hard water,SoftPro Site Claim,how-often-should-i-test-my-water-hardness-why-it-matters,N/A,No,Other,Add to page
Local Resources Your municipal water supplier may offer testing or provide recommendations for local laboratories,SoftPro Site Claim,how-often-should-i-test-my-water-hardness-why-it-matters,N/A,No,Other,Add to page
55-60 ppm): Slightly hard water 3,SoftPro Site Claim,how-often-should-i-test-my-water-hardness-why-it-matters,N/A,No,Performance Spec,Add to page
5-7 gpg (60-120 ppm): Moderately hard water 7-10,SoftPro Site Claim,how-often-should-i-test-my-water-hardness-why-it-matters,N/A,No,Performance Spec,Add to page
5 gpg (120-180 ppm): Hard water 10,SoftPro Site Claim,how-often-should-i-test-my-water-hardness-why-it-matters,N/A,No,Performance Spec,Add to page
The salt should be a few inches above the water level,SoftPro Site Claim,checklist,N/A,No,Maintenance,Add to page
"Clean the Brine Tank Frequency: Annually, or more often if recommended by the manufacturer",SoftPro Site Claim,checklist,N/A,No,Maintenance,Add to page
Some manufacturers may recommend a diluted bleach solution—always consult your manual first,SoftPro Site Claim,checklist,N/A,No,Other,Add to page
"Clean the Resin Tank (if applicable) When it's necessary: If you have very hard water, notice reduced performance, or if your manual recommends it",SoftPro Site Claim,checklist,N/A,No,Maintenance,Add to page
"Bypass Valve: Make sure the bypass valve is in the ""service"" position, not the ""bypass"" position",SoftPro Site Claim,checklist,N/A,No,SoftPro Advantage,Add to page
Consult Your Manual: Follow the manufacturer's recommended maintenance intervals for your specific model,SoftPro Site Claim,checklist,N/A,No,Other,Add to page
"If your system is nearing the end of its typical lifespan (10-15 years), a new softener might be a more cost-effective solution",SoftPro Site Claim,checklist,N/A,No,Pricing/Cost,Add to page
Easy to Use : Quick-connect hose and digital controls mean even non-techy folks can get it up and running without a hitch,SoftPro Site Claim,softpro-iron-filter-investigation-why-competitors-are-nervou,N/A,No,Other,Add to page
", SoftPro Elite HE Water Softener with 32,000 grains) to accommodate increased demand",SoftPro Site Claim,do-i-need-a-larger-softener-if-i-have-guests-often,N/A,No,Performance Spec,Add to page
"Their top-tier systems reach up to 80,000 grains, suitable for large families or homes with exceptionally hard water",SoftPro Site Claim,vs-whirlpool,N/A,No,Performance Spec,Add to page
"Whirlpool: Offers a selection of softeners with grain capacities ranging from 20,000 to 48,000 grains",SoftPro Site Claim,vs-whirlpool,N/A,No,Performance Spec,Add to page
"SoftPro: Generally boasts higher flow rates compared to Whirlpool, with some models reaching up to 15 gallons per minute",SoftPro Site Claim,vs-whirlpool,N/A,No,Performance Spec,Add to page
"SoftPro: Emphasizes user-friendliness with touchscreens, digital displays, and smartphone app compatibility in some models",SoftPro Site Claim,vs-whirlpool,N/A,No,SoftPro Advantage,Add to page
"SoftPro: Offers generous warranties on parts and labor, often exceeding industry standards",SoftPro Site Claim,vs-whirlpool,N/A,No,SoftPro Advantage,Add to page
"Installation Considerations Professional installation is recommended for both brands, but DIY options may exist for certain models",SoftPro Site Claim,vs-whirlpool,N/A,No,Other,Add to page
Water Usage SoftPro: Utilizes innovative backwash cycles and bypass valves to minimize water waste,SoftPro Site Claim,vs-ecopure,N/A,No,SoftPro Advantage,Add to page
Some models boast a 30% reduction in water usage compared to standard softeners,SoftPro Site Claim,vs-ecopure,N/A,No,Hard Water Statistic,Add to page
"Grain Ratings SoftPro: Offers a diverse range of grain capacities, from 20,000 to 80,000 grains",SoftPro Site Claim,vs-ecopure,N/A,No,Performance Spec,Add to page
"EcoPure: Focuses on smaller households with models ranging from 16,000 to 40,000 grains",SoftPro Site Claim,vs-ecopure,N/A,No,Performance Spec,Add to page
Water Usage Considerations SoftPro: Recommends choosing a capacity based on daily water usage and household size,SoftPro Site Claim,vs-ecopure,N/A,No,Performance Spec,Add to page
"For larger families or high water usage, alternative brands or professional sizing recommendations might be necessary",SoftPro Site Claim,vs-ecopure,N/A,No,Other,Add to page
"Bypass Valve Flexibility: Some configurations offer quick-connect bypass valves for easy installation and maintenance, ideal for DIY enthusiasts",SoftPro Site Claim,vs-ecopure,N/A,No,SoftPro Advantage,Add to page
"Parts and Labor Coverage: Depending on the model, warranties may cover parts and labor for varying durations, typically ranging from 1 to 5 years",SoftPro Site Claim,vs-ecopure,N/A,No,Other,Add to page
"EcoPure Limited Warranty: EcoPure offers a more typical limited warranty period, typically ranging from 5 to 10 years for tanks and control valves",SoftPro Site Claim,vs-ecopure,N/A,No,Maintenance,Add to page
"Parts and Labor Coverage: Similar to SoftPro, additional warranties may cover parts and labor for shorter durations, ranging from 1 to 3 years",SoftPro Site Claim,vs-ecopure,N/A,No,SoftPro Advantage,Add to page
Professional Recommendations: SoftPro also recommends professional installation for complex setups or homes with specific plumbing configurations,SoftPro Site Claim,vs-ecopure,N/A,No,SoftPro Advantage,Add to page
Mineral buildup cleaning might be necessary every 1-2 years,SoftPro Site Claim,vs-ecopure,N/A,No,Maintenance,Add to page
Professional Maintenance: Professional service is recommended every 3-5 years for thorough system cleaning and performance checks,SoftPro Site Claim,vs-ecopure,N/A,No,Maintenance,Add to page
"Professional Maintenance: Recommended every 2-3 years for comprehensive system cleaning, filter replacements, and performance optimization",SoftPro Site Claim,vs-ecopure,N/A,No,Maintenance,Add to page
"Generally, expect to pay between $400 and $1,500 for a basic unit, with advanced models reaching up to $3,000",SoftPro Site Claim,vs-ecopure,N/A,No,Pricing/Cost,Add to page
"Expect a range of $300 to $1,200 for standard models, and up to $2,500 for units with advanced filtration systems",SoftPro Site Claim,vs-ecopure,N/A,No,Pricing/Cost,Add to page
"Feature Fortresses: SoftPro: If advanced metering, bypass valve flexibility, and efficiency-minded features are your jam, SoftPro delivers",SoftPro Site Claim,vs-ecopure,N/A,No,SoftPro Advantage,Add to page
"Reverse osmosis removes up to 98% of lead and 97% of arsenic, according to WQA studies",SoftPro Site Claim,benefits-of-reverse-osmosis-water-filters,N/A,No,Hard Water Statistic,Add to page
SoftPro RO Filters removes up to 99% of dissolved salts,SoftPro Site Claim,benefits-of-reverse-osmosis-water-filters,N/A,No,Hard Water Statistic,Add to page
A family of four consuming 10 gallons of bottled water weekly can save around \$500 annually by switching to an SoftPro RO system,SoftPro Site Claim,benefits-of-reverse-osmosis-water-filters,N/A,No,Pricing/Cost,Add to page
"Typically, sediment filters need replacement every 6-12 months, carbon filters every 6-12 months, and SoftPro RO Filters membranes every 2-3 years",SoftPro Site Claim,benefits-of-reverse-osmosis-water-filters,N/A,No,Maintenance,Add to page
Classification: Water is classified based on its hardness: Soft: 0-1 GPG Slightly hard: 1-3,SoftPro Site Claim,how-does-varying-water-hardness-within-a-city-affect-water-s,N/A,No,Other,Add to page
"5 GPG Impacts: Hard water can harm your home in several ways: Reduced soap and detergent effectiveness, leading to increased usage and costs",SoftPro Site Claim,how-does-varying-water-hardness-within-a-city-affect-water-s,N/A,No,Pricing/Cost,Add to page
Studies suggest hard water can reduce water heater efficiency by up to 48%,SoftPro Site Claim,how-does-varying-water-hardness-within-a-city-affect-water-s,N/A,No,Hard Water Statistic,Add to page
"Some areas might exceed 25 GPG, while others stay closer to 15 GPG",SoftPro Site Claim,how-does-varying-water-hardness-within-a-city-affect-water-s,N/A,No,Other,Add to page
Step 2: Bypass the Softener Most water softeners have a bypass valve that allows you to isolate the system from your home's water supply,SoftPro Site Claim,how-to-winterize-water-softener,N/A,No,SoftPro Advantage,Add to page
"They can assess the extent of the damage, determine if repairs are possible, or recommend a replacement if necessary",SoftPro Site Claim,how-to-winterize-water-softener,N/A,No,Maintenance,Add to page
"For every gallon of purified water generated, a typical RO system wastes 3-4 gallons",SoftPro Site Claim,reverse-osmosis-water-filter-drawbacks,N/A,No,Performance Spec,Add to page
The RO membrane lasts 2-5 years but is expensive to replace,SoftPro Site Claim,reverse-osmosis-water-filter-drawbacks,N/A,No,Pricing/Cost,Add to page
Contact us for a free consultation to discuss the best options for your home,SoftPro Site Claim,reverse-osmosis-water-filter-drawbacks,N/A,No,Other,Add to page
"The Water Quality Association (WQA) states, ""RO membranes can remove 85-95% of fluoride from water",SoftPro Site Claim,reverse-osmosis-water-filter-drawbacks,N/A,No,Hard Water Statistic,Add to page
""" Can I install an RO system myself? While possible, professional installation is recommended to ensure proper setup and prevent leaks",SoftPro Site Claim,reverse-osmosis-water-filter-drawbacks,N/A,No,Other,Add to page
"Typically, it's 2-5 years",SoftPro Site Claim,reverse-osmosis-water-filter-drawbacks,N/A,No,Other,Add to page
"Simple filter pitchers can cost under \$50, while whole-house systems can range from a few hundred to several thousand dollars",SoftPro Site Claim,remove-tannins-from-water,N/A,No,Pricing/Cost,Add to page
"Ease of use: User-friendly features like automatic regeneration, adjustable settings, and intuitive interfaces are highly valued",SoftPro Site Claim,vs-tier1,N/A,No,Other,Add to page
"SoftPro: Offers a wide range of models with capacities from 16,000 to 48,000 grains, suitable for small apartments to large houses",SoftPro Site Claim,vs-tier1,N/A,No,Performance Spec,Add to page
"Tier1: Their models typically range from 20,000 to 50,000 grains, catering to similar home sizes as SoftPro",SoftPro Site Claim,vs-tier1,N/A,No,Performance Spec,Add to page
"Tier1: Similar to SoftPro, Tier1 offers varying filtration options across their models",SoftPro Site Claim,vs-tier1,N/A,No,SoftPro Advantage,Add to page
"SoftPro might be slightly more consistent in its performance, while Tier1 offers potential efficiency advantages in specific cases",SoftPro Site Claim,vs-tier1,N/A,No,SoftPro Advantage,Add to page
"Entry-level models with basic features start around $500, while high-capacity models with advanced filtration can reach $2,000 or more",SoftPro Site Claim,vs-tier1,N/A,No,Pricing/Cost,Add to page
"Basic models start around $450, while advanced models with features like UV disinfection can reach $2,500 or higher",SoftPro Site Claim,vs-tier1,N/A,No,Pricing/Cost,Add to page
"DIY kits can be cost-effective, starting around $50, but require plumbing expertise",SoftPro Site Claim,vs-tier1,N/A,No,Pricing/Cost,Add to page
Professional installation by a plumber typically ranges from $200 to $500,SoftPro Site Claim,vs-tier1,N/A,No,Pricing/Cost,Add to page
"Tier1: Similar to SoftPro, Tier1 offers DIY and professional installation options with comparable cost ranges",SoftPro Site Claim,vs-tier1,N/A,No,Pricing/Cost,Add to page
Let's see how these brands build their defensive walls: SoftPro: Offers a standard warranty of 5 years on parts and 1 year on labor for most models,SoftPro Site Claim,vs-tier1,N/A,No,Maintenance,Add to page
Some premium models boast extended warranties of up to 10 years,SoftPro Site Claim,vs-tier1,N/A,No,Other,Add to page
Tier1: Generally offers a similar warranty structure with 5 years on parts and 1 year on labor for most models,SoftPro Site Claim,vs-tier1,N/A,No,Maintenance,Add to page
"A combination of chlorine and ammonia, chloramines are now used to treat the water of over 100 million Americans across roughly 35% to 40% of U",SoftPro Site Claim,why-tap-water-smells-like-a-pool-chloramines,N/A,No,Hard Water Statistic,Add to page
"Fear not : the SoftPro Iron Master handles nearly 7 ppm, proving it can handle manganese's antics",SoftPro Site Claim,softpro-iron-master-review-why-it-made-our-jaws-drop-in-test,N/A,No,Performance Spec,Add to page
"The SoftPro Iron Master manages up to 5 ppm of sulfur, making your H2O go from ""ew"" to ""ahh!""",SoftPro Site Claim,softpro-iron-master-review-why-it-made-our-jaws-drop-in-test,N/A,No,Performance Spec,Add to page
"And, for those sneaky tiny bits , it swoops down to 3 microns to pick up anything lurking unseen",SoftPro Site Claim,softpro-iron-master-review-why-it-made-our-jaws-drop-in-test,N/A,No,Performance Spec,Add to page
"✓ Automatic Regeneration : Without needing a babysitter, this feature keeps things on track, giving you fresh, clear water without lifting a finger",SoftPro Site Claim,softpro-iron-master-review-why-it-made-our-jaws-drop-in-test,N/A,No,Other,Add to page
"EcoWater: Counters with its patented IntelliSoft technology, offering precise resin regeneration based on actual water usage",SoftPro Site Claim,vs-ecowater,N/A,No,Maintenance,Add to page
"EcoWater: Provides options ranging from 26,000 to 60,000 grains, catering to smaller and medium-sized households",SoftPro Site Claim,vs-ecowater,N/A,No,Performance Spec,Add to page
Replacement filters may be needed every 2-3 years,SoftPro Site Claim,vs-ecowater,N/A,No,Maintenance,Add to page
EcoWater: Primarily recommends professional installation due to the potential complexity of some models,SoftPro Site Claim,vs-ecowater,N/A,No,Other,Add to page
Solder or press-fit fittings to secure the bypass valve—this gives us a way to divert water around the softener during service,SoftPro Site Claim,water-softener-installation-steps,N/A,No,SoftPro Advantage,Add to page
"Attach the bypass valve to the softener inlet and outlet ports, ensuring correct flow direction",SoftPro Site Claim,water-softener-installation-steps,N/A,No,Performance Spec,Add to page
Here's how it works: 1 grain = 17,SoftPro Site Claim,what-is-the-salt-efficiency-of-an-ion-exchange-water-softene,N/A,No,Performance Spec,Add to page
"Conversely, a softener with a lower efficiency of 15 gpg would require 666 pounds of salt (10,000 grains / 15 gpg)",SoftPro Site Claim,what-is-the-salt-efficiency-of-an-ion-exchange-water-softene,N/A,No,Maintenance,Add to page
A study by the Water Research Foundation found that brine recycling systems can reduce salt discharge by up to 90%,SoftPro Site Claim,what-is-the-salt-efficiency-of-an-ion-exchange-water-softene,N/A,No,Hard Water Statistic,Add to page
"Why Choose Reverse Osmosis? ✓ Cleaner, Safer Water: RO systems can eliminate up to 99% of contaminants, including lead, arsenic, and nitrates",SoftPro Site Claim,remove-sulfur-smell-in-water-the-5-minute-fix-that-works,N/A,No,Hard Water Statistic,Add to page
"It filters out up to 5 ppm of sulfur, plus iron and manganese , without breaking the bank",SoftPro Site Claim,remove-sulfur-smell-in-water-the-5-minute-fix-that-works,N/A,No,Performance Spec,Add to page
", manganese greensand): Effective for moderate levels of H₂S (up to 5–7 ppm)",SoftPro Site Claim,remove-sulfur-smell-in-water-the-5-minute-fix-that-works,N/A,No,Performance Spec,Add to page
✓ Oxidation-Filtration Systems: Suitable for high concentrations of H₂S (above 7 ppm),SoftPro Site Claim,remove-sulfur-smell-in-water-the-5-minute-fix-that-works,N/A,No,Performance Spec,Add to page
"RO systems can typically remove 90-99% of TDS, depending on the system and the water source",SoftPro Site Claim,what-is-a-reverse-osmosis-water-filter,N/A,No,Hard Water Statistic,Add to page
Look for RO systems with certifications from these organizations to ensure they meet industry standards for contaminant removal,SoftPro Site Claim,what-is-a-reverse-osmosis-water-filter,N/A,No,Other,Add to page
"The amount of wastewater varies by system and water pressure, but it can range from 3 to 10 gallons for every gallon of purified water produced",SoftPro Site Claim,what-is-a-reverse-osmosis-water-filter,N/A,No,Performance Spec,Add to page
Membrane Replacement: The RO membrane typically lasts 2-3 years before needing replacement,SoftPro Site Claim,what-is-a-reverse-osmosis-water-filter,N/A,No,Maintenance,Add to page
A thorough evaluation of these factors is recommended when determining if reverse osmosis aligns with your specific needs,SoftPro Site Claim,what-is-a-reverse-osmosis-water-filter,N/A,No,Other,Add to page
Personalized Solutions ✓ Expert Analysis: We carefully assess your household needs and water hardness to recommend the perfect SoftPro system for you,SoftPro Site Claim,water-hardness-what-it-is-why-it-matters-and-how-to-fix-it,N/A,No,SoftPro Advantage,Add to page
Our team at SoftPro Water Systems can help you analyze your water test results and recommend the most appropriate and cost-effective solution,SoftPro Site Claim,how-does-an-iron-filter-for-well-water-work,N/A,No,Pricing/Cost,Add to page
Allow the backwash cycle to run for the recommended amount of time,SoftPro Site Claim,how-does-an-iron-filter-for-well-water-work,N/A,No,Other,Add to page
"Example: Our Smart Home+ iron filters offer automatic backwashing and notifications for media replacement, making maintenance a breeze",SoftPro Site Claim,how-does-an-iron-filter-for-well-water-work,N/A,No,Maintenance,Add to page
This allows us to recommend the most effective water treatment solutions for each individual home,SoftPro Site Claim,how-does-an-iron-filter-for-well-water-work,N/A,No,Other,Add to page
A good filter should be worth every penny in future savings,SoftPro Site Claim,best-water-filters-for-well-water-iron-the-truth-companies-h,N/A,No,Other,Add to page
We're talking 3-6 months tops! This keeps things running smooth and kicks rust particles to the curb,SoftPro Site Claim,best-filter-to-remove-rusty-water-the-200-solution-beats-200,N/A,No,Other,Add to page
"SoftPro Iron Master AIO ✓ Can wipe out up to 30 ppm of iron, like the Hulk smashing through metal",SoftPro Site Claim,best-whole-house-iron-filter-showdown-the-shocking-winner,N/A,No,Performance Spec,Add to page
They can cut down on up to 99% of solids and more,SoftPro Site Claim,does-charcoal-filter-remove-fluoride-the-answer-isnt-what-yo,N/A,No,Hard Water Statistic,Add to page
"When used right, it can reduce fluoride by a hefty 90%",SoftPro Site Claim,does-charcoal-filter-remove-fluoride-the-answer-isnt-what-yo,N/A,No,Hard Water Statistic,Add to page
"Pre-filter (if you have one) Every 3 to 6 months, to catch the really big stuff",SoftPro Site Claim,does-charcoal-filter-remove-fluoride-the-answer-isnt-what-yo,N/A,No,Other,Add to page
"Reverse Osmosis Membrane Switch it out every 2 to 3 years, depending on your setup",SoftPro Site Claim,does-charcoal-filter-remove-fluoride-the-answer-isnt-what-yo,N/A,No,Other,Add to page
"2 ppm can help ward off cavities, but crank it up past 1",SoftPro Site Claim,buy-fluoride-water-filter-the-cost-saving-guide-they-dont-wa,N/A,No,Performance Spec,Add to page
"5 ppm, and you might be looking at health issues",SoftPro Site Claim,buy-fluoride-water-filter-the-cost-saving-guide-they-dont-wa,N/A,No,Performance Spec,Add to page
2 ppm Good for keeping cavities at bay Above 1,SoftPro Site Claim,buy-fluoride-water-filter-the-cost-saving-guide-they-dont-wa,N/A,No,Performance Spec,Add to page
5 ppm Boosts risk for dental fluorosis Below 0,SoftPro Site Claim,buy-fluoride-water-filter-the-cost-saving-guide-they-dont-wa,N/A,No,Performance Spec,Add to page
7 ppm Could increase cavity chances Mineral Retention vs,SoftPro Site Claim,buy-fluoride-water-filter-the-cost-saving-guide-they-dont-wa,N/A,No,Performance Spec,Add to page
"According to CDC's recommendations on home water filters, they're a slam dunk for flushing out lead, copper, chromium – you name it",SoftPro Site Claim,best-water-filter-for-fluoride-and-chlorine-the-ultimate-sho,N/A,No,Other,Add to page
"High Capacity : Filters between 600,000 to 1,000,000 gallons of water for up to five years of reliable performance",SoftPro Site Claim,best-water-filter-for-fluoride-and-chlorine-the-ultimate-sho,N/A,No,Performance Spec,Add to page
Professional installation is recommended to avoid such problems,SoftPro Site Claim,best-water-filter-for-fluoride-and-chlorine-the-ultimate-sho,N/A,No,Other,Add to page
"Pricing: Current Price : $999 (originally $1,386",SoftPro Site Claim,best-water-filter-for-fluoride-and-chlorine-the-ultimate-sho,N/A,No,Pricing/Cost,Add to page
Flexible Payment Options : Starting at $45,SoftPro Site Claim,best-water-filter-for-fluoride-and-chlorine-the-ultimate-sho,N/A,No,Pricing/Cost,Add to page
7 ppm as the sweet spot for warding off cavities,SoftPro Site Claim,best-water-filter-for-fluoride-and-chlorine-the-ultimate-sho,N/A,No,Performance Spec,Add to page
"5 ppm , according to the WHO— it might bring some health headaches",SoftPro Site Claim,best-water-filter-for-fluoride-and-chlorine-the-ultimate-sho,N/A,No,Performance Spec,Add to page
0 ppm in our drinking water and nudges us to not cross 2,SoftPro Site Claim,best-water-filter-for-fluoride-and-chlorine-the-ultimate-sho,N/A,No,Performance Spec,Add to page
0 ppm to dodge dental fluorosis,SoftPro Site Claim,best-water-filter-for-fluoride-and-chlorine-the-ultimate-sho,N/A,No,Performance Spec,Add to page
Health Guide Recommended Levels DHHS Optimal Level 0,SoftPro Site Claim,best-water-filter-for-fluoride-and-chlorine-the-ultimate-sho,N/A,No,Other,Add to page
7 ppm WHO Maximum Limit 1,SoftPro Site Claim,best-water-filter-for-fluoride-and-chlorine-the-ultimate-sho,N/A,No,Performance Spec,Add to page
5 ppm EPA Maximum Allowable Level 4,SoftPro Site Claim,best-water-filter-for-fluoride-and-chlorine-the-ultimate-sho,N/A,No,Performance Spec,Add to page
0 ppm EPA Secondary Maximum Level 2,SoftPro Site Claim,best-water-filter-for-fluoride-and-chlorine-the-ultimate-sho,N/A,No,Performance Spec,Add to page
"0 ppm To sidestep fluoride gate-crashing into our party, filtering it out is a smart move to keep our water clean and healthy (CDC Fluoridation FAQs)",SoftPro Site Claim,best-water-filter-for-fluoride-and-chlorine-the-ultimate-sho,N/A,No,Maintenance,Add to page
"Most filters are best buddies with regular swaps every 6 to 12 months , depending on usage and what’s coming out of the tap",SoftPro Site Claim,best-water-filter-for-fluoride-and-chlorine-the-ultimate-sho,N/A,No,Other,Add to page
"Ideally, the salt should be a few inches above the water line",SoftPro Site Claim,how-to-add-salt-to-my-water-softener,N/A,No,Maintenance,Add to page
Mushy Salt: Switch to salt pellets or use salt designed for your specific softener if it recommends it,SoftPro Site Claim,how-to-add-salt-to-my-water-softener,N/A,No,Maintenance,Add to page
Most homeowners need to refill their brine tank every 1-2 months,SoftPro Site Claim,how-to-add-salt-to-my-water-softener,N/A,No,Maintenance,Add to page
Choose the best option based on your softener's recommendations and your experiences,SoftPro Site Claim,how-to-add-salt-to-my-water-softener,N/A,No,Other,Add to page
"If you're more about washing your clothes in it or watering the lawn, staying under 1 ppm should be fine",SoftPro Site Claim,iron-removal-systems-why-water-softeners-are-becoming-obsole,N/A,No,Performance Spec,Add to page
"Generally, most shower filters stick around for 6 to 12 months, but specifics depend on the model",SoftPro Site Claim,fluoride-shower-filter-the-missing-link-in-your-health-routi,N/A,No,Other,Add to page
Users should be aware of the limited scientific evidence and potential for inconsistent results,SoftPro Site Claim,magnetic-water-softener,N/A,No,Other,Add to page
It's an industry leading well water filter,SoftPro Site Claim,iron-filter-system-costs-revealed-the-affordable-champion,N/A,No,Other,Add to page
"Once our shiny new water filter is up and running, annual maintenance won't eat up your wallet, costing only about $40 to $100",SoftPro Site Claim,iron-filter-system-costs-revealed-the-affordable-champion,N/A,No,Pricing/Cost,Add to page
"Look for retailers that let us break down payments into comfy bites ranging from $20 to $100, spreading costs over months or even years",SoftPro Site Claim,iron-filter-system-costs-revealed-the-affordable-champion,N/A,No,Pricing/Cost,Add to page
The smarty-pants experts out there recommend we aim for about 0,SoftPro Site Claim,reverse-osmosis-fluoride-filter-what-the-manufacturers-wont-,N/A,No,Other,Add to page
"0 ppm , though, it’s like inviting a tooth gremlin to the party— enter dental fluorosis, which messes with your pearly whites",SoftPro Site Claim,reverse-osmosis-fluoride-filter-what-the-manufacturers-wont-,N/A,No,Performance Spec,Add to page
"If our home’s water pressure drags below 40 psi or if the total dissolved nasties top 500 ppm, a booster pump is a must",SoftPro Site Claim,reverse-osmosis-fluoride-filter-what-the-manufacturers-wont-,N/A,No,Performance Spec,Add to page
"A basic triple whole house setup might set us back anywhere from $170 to $800, depending on how fancy we want to get",SoftPro Site Claim,whole-house-fluoride-filter-worth-the-investment-our-1-year-,N/A,No,Pricing/Cost,Add to page
"We’re looking at another $500 to $700 for a plumber’s time, so it pays to cozy up with someone who installs them right",SoftPro Site Claim,whole-house-fluoride-filter-worth-the-investment-our-1-year-,N/A,No,Pricing/Cost,Add to page
"Pentair: Typically features lower grain capacities, starting around 24,000 grains and maxing out around 64,000",SoftPro Site Claim,vs-pentair,N/A,No,Performance Spec,Add to page
Some highlights include: Bypass valve: Allows temporary bypass of the softener for maintenance or emergencies,SoftPro Site Claim,vs-pentair,N/A,No,SoftPro Advantage,Add to page
Convenience: Features like bypass valves and customizable settings can simplify softener operation for anyone,SoftPro Site Claim,vs-pentair,N/A,No,SoftPro Advantage,Add to page
"Bypass valves, adjustable settings, and straightforward controls make them ideal for DIY installation and operation",SoftPro Site Claim,vs-pentair,N/A,No,SoftPro Advantage,Add to page
For DIY enthusiasts seeking simple operation: Pentair's user-friendly interface and bypass valve for easy maintenance,SoftPro Site Claim,vs-pentair,N/A,No,SoftPro Advantage,Add to page
8% of our northern neighbors in Canada and a whopping 73% of folks in the U,SoftPro Site Claim,fluoride-filter-types-the-complete-breakdown-you-need-before,N/A,No,Hard Water Statistic,Add to page
Check out their water pitcher—it doesn’t just look good on the counter but does some serious work by filtering up to 100 gallons,SoftPro Site Claim,fluoride-water-filter-cost-investment-vs-return-analysis,N/A,No,Performance Spec,Add to page
"6 ppm to a flat-out zero —way ahead of other brands that top out at 25-50 gallons , saving us a bunch of dough",SoftPro Site Claim,fluoride-water-filter-cost-investment-vs-return-analysis,N/A,No,Performance Spec,Add to page
01 mg/L) 100 gallons Inline Fridge 46,SoftPro Site Claim,fluoride-water-filter-cost-investment-vs-return-analysis,N/A,No,Performance Spec,Add to page
"5x more junk than usual 365 gallons The inline fridge filter is like a bouncer for stuff you don’t want, dusting 46",SoftPro Site Claim,fluoride-water-filter-cost-investment-vs-return-analysis,N/A,No,Performance Spec,Add to page
"Plus, it’s good for up to 365 gallons",SoftPro Site Claim,fluoride-water-filter-cost-investment-vs-return-analysis,N/A,No,Performance Spec,Add to page
"100 - 300 bucks Replacement Filters Keeping 'em fresh costs $$, varies by type and how often they need swapping",SoftPro Site Claim,fluoride-water-filter-cost-investment-vs-return-analysis,N/A,No,Pricing/Cost,Add to page
"20 to 150 bucks a pop For instance, the simplest gadgets might set you back just $15, while those multi-layered systems can easily hit $1,000",SoftPro Site Claim,fluoride-water-filter-cost-investment-vs-return-analysis,N/A,No,Pricing/Cost,Add to page
"Based on studies , RO can say ""not today"" to about 90-95% of fluoride lurking in your tap water",SoftPro Site Claim,does-water-filter-remove-fluoride-the-shocking-truth-your-su,N/A,No,Hard Water Statistic,Add to page
"Basically, it's like RO's twin in the filtration game, scrubbing up to 90-95% of fluoride out of the water",SoftPro Site Claim,does-water-filter-remove-fluoride-the-shocking-truth-your-su,N/A,No,Hard Water Statistic,Add to page
"These workhorses kick out about 96% of fluoride, just like a high-kicking ninja master",SoftPro Site Claim,does-water-filter-remove-fluoride-the-shocking-truth-your-su,N/A,No,Hard Water Statistic,Add to page
"So, it sounds like we should be keeping tabs on these numbers",SoftPro Site Claim,how-to-filter-fluoride-from-tap-water-the-complete-guide-you,N/A,No,Other,Add to page
"It can wipe out up to 99% of fluoride, making it practically disappear from your water",SoftPro Site Claim,how-to-filter-fluoride-from-tap-water-the-complete-guide-you,N/A,No,Hard Water Statistic,Add to page
1 ppm (99%) EPA-approved dynamo; loves pH 5,SoftPro Site Claim,how-to-filter-fluoride-from-tap-water-the-complete-guide-you,N/A,No,Hard Water Statistic,Add to page
5 More discoloration 1,SoftPro Site Claim,best-way-to-remove-iron-in-well-water-the-method-that-beats-,N/A,No,Other,Add to page
"Fleck: A veteran in the water softening industry, Fleck focuses on robust, time-tested components and adherence to industry standards",SoftPro Site Claim,vs-fleck,N/A,No,Other,Add to page
"Their focus on traditional craftsmanship and industry standards ensures consistent softening, even in challenging conditions",SoftPro Site Claim,vs-fleck,N/A,No,Other,Add to page
"Fleck: Their capacities generally fall between 20,000 and 60,000 grains, making them suitable for average to larger households",SoftPro Site Claim,vs-fleck,N/A,No,Performance Spec,Add to page
"Flow Rate SoftPro: Typically offers flow rates from 10 to 15 gallons per minute (GPM), ensuring consistent water pressure throughout your home",SoftPro Site Claim,vs-fleck,N/A,No,Performance Spec,Add to page
User Interface and Ease of Use SoftPro: Features user-friendly control panels with digital displays and intuitive interfaces,SoftPro Site Claim,vs-fleck,N/A,No,SoftPro Advantage,Add to page
"Expect to pay anywhere from $800 to $2,500, depending on the chosen model, features, and grain capacity",SoftPro Site Claim,vs-fleck,N/A,No,Pricing/Cost,Add to page
"Fleck: Often sits in the mid-range price bracket, with systems typically costing between $500 and $1,500",SoftPro Site Claim,vs-fleck,N/A,No,Pricing/Cost,Add to page
"0 ppm, a water softener that throws salt into the mix can do the job",SoftPro Site Claim,remove-iron-from-water-3-weird-but-effective-tricks,N/A,No,Maintenance,Add to page
0 ppm—a more beefed-up twin-tank system might be your better bet,SoftPro Site Claim,remove-iron-from-water-3-weird-but-effective-tricks,N/A,No,Performance Spec,Add to page
"9% of dissolved minerals, creating virtually pure water",SoftPro Site Claim,what-is-hard-water,N/A,No,Hard Water Statistic,Add to page
"Smith: A well-established brand with over 140 years of experience, A",SoftPro Site Claim,vs-ao-smith,N/A,No,Other,Add to page
"Typically, below 60 ppm is considered soft, 60-120 ppm moderately hard, and above 120 ppm hard",SoftPro Site Claim,vs-ao-smith,N/A,No,Performance Spec,Add to page
"For example, at 200 ppm, you'll use 25% more soap and experience significantly more scale buildup compared to 50 ppm",SoftPro Site Claim,vs-ao-smith,N/A,No,Hard Water Statistic,Add to page
"SoftPro: Offers models with capacities ranging from 24,000 to 60,000 grains, catering to diverse needs",SoftPro Site Claim,vs-ao-smith,N/A,No,Performance Spec,Add to page
"Smith: Provides a wider range, from 16,000 to 100,000 grains, ensuring options for even the most challenging water conditions",SoftPro Site Claim,vs-ao-smith,N/A,No,Performance Spec,Add to page
"SoftPro: Generally boasts faster flow rates, reaching up to 15 gallons per minute (GPM) in some models",SoftPro Site Claim,vs-ao-smith,N/A,No,Performance Spec,Add to page
"Here's a basic method: People: As a general rule, each person uses roughly 75 gallons of water per day",SoftPro Site Claim,what-should-be-the-water-softener-capacity-set-as,N/A,No,Performance Spec,Add to page
The average person uses approximately 75 gallons of water daily; factor in appliances for a realistic usage number,SoftPro Site Claim,what-should-be-the-water-softener-capacity-set-as,N/A,No,Performance Spec,Add to page
Continue reading keyboard_arrow_left Page 1 of 2 keyboard_arrow_right Transforming Lives Through Awareness of the Power of Water,SoftPro Site Claim,softening,N/A,No,SoftPro Advantage,Add to page
Their focus on efficiency often translates to features like dual-tank systems and variable bypass valves,SoftPro Site Claim,vs-apec-water-system,N/A,No,SoftPro Advantage,Add to page
"However, some high-end models feature variable bypass valves and eco-friendly regeneration cycles",SoftPro Site Claim,vs-apec-water-system,N/A,No,SoftPro Advantage,Add to page
User Interface and Control Options SoftPro: Many models feature user-friendly interfaces with digital displays and intuitive controls,SoftPro Site Claim,vs-apec-water-system,N/A,No,SoftPro Advantage,Add to page
"However, their dual-tank systems and bypass valves often minimize this impact",SoftPro Site Claim,vs-apec-water-system,N/A,No,SoftPro Advantage,Add to page
"APEC: Generally leans towards the premium end, with most models starting around $500 and advanced systems exceeding $2,000",SoftPro Site Claim,vs-apec-water-system,N/A,No,Pricing/Cost,Add to page
Professional installation typically costs around $150-$300,SoftPro Site Claim,vs-apec-water-system,N/A,No,Pricing/Cost,Add to page
Maintenance involves regular salt refills (around $10-$20 per month) and occasional filter replacements (varying costs depending on model),SoftPro Site Claim,vs-apec-water-system,N/A,No,Pricing/Cost,Add to page
"APEC: Some models are DIY-friendly, but advanced systems often require professional installation, which can range from $200-$500+",SoftPro Site Claim,vs-apec-water-system,N/A,No,Pricing/Cost,Add to page
"Maintenance involves salt refills for salt-based models and filter replacements, potentially including reverse osmosis membranes (up to $100 each)",SoftPro Site Claim,vs-apec-water-system,N/A,No,Pricing/Cost,Add to page
"The payback period usually falls within 2-3 years, depending on model, water usage, and utility rates",SoftPro Site Claim,vs-apec-water-system,N/A,No,Other,Add to page
"Filter Replacements: Replace filters according to the manufacturer's recommended schedule, typically every 6-12 months",SoftPro Site Claim,vs-apec-water-system,N/A,No,Maintenance,Add to page
"Geological Survey, PFAS has been detected in approximately 45% of tap water samples across the United States",SoftPro Site Claim,forever-chemicals-pfas-water-what-they-are-how-to-remove,N/A,No,Hard Water Statistic,Add to page
An expert-recommended whole-house system provides the most complete protection for your family,SoftPro Site Claim,forever-chemicals-pfas-water-what-they-are-how-to-remove,N/A,No,Other,Add to page
Studies have shown that soft water can improve skin hydration by up to 30% and reduce hair breakage by up to 15%,SoftPro Site Claim,benefits-of-ion-exchange-water-softener,N/A,No,Hard Water Statistic,Add to page
A study by the Water Quality Research Foundation found that households with soft water use up to 50% less soap and detergents,SoftPro Site Claim,benefits-of-ion-exchange-water-softener,N/A,No,Hard Water Statistic,Add to page
Installation and maintenance considerations: Professional installation is recommended for optimal performance and warranty coverage,SoftPro Site Claim,benefits-of-ion-exchange-water-softener,N/A,No,Maintenance,Add to page
"Soft water prevents scale buildup, ensuring optimal heating performance and potentially extending the lifespan of your water heater by 5-10 years",SoftPro Site Claim,benefits-of-ion-exchange-water-softener,N/A,No,Other,Add to page
The Water Quality Research Foundation estimates that households with soft water can save up to $200 per year on cleaning products,SoftPro Site Claim,benefits-of-ion-exchange-water-softener,N/A,No,Pricing/Cost,Add to page
"Regular salt refills are necessary for regeneration, averaging around $50 per bag and lasting one to three months depending on water usage",SoftPro Site Claim,benefits-of-ion-exchange-water-softener,N/A,No,Pricing/Cost,Add to page
Additional maintenance costs like sediment filter replacements are minimal but should be factored in,SoftPro Site Claim,benefits-of-ion-exchange-water-softener,N/A,No,Pricing/Cost,Add to page
Water usage during regeneration: Regeneration cycles require a small amount of additional water (around 25-50 gallons per cycle),SoftPro Site Claim,benefits-of-ion-exchange-water-softener,N/A,No,Performance Spec,Add to page
"Thanks to a little-known legal hack, she walked away with a $4,500 SoftPro Elite water softener installed with zero money out of pocket",SoftPro Site Claim,innovative-financing-options-water-softener-system,N/A,No,Pricing/Cost,Add to page
"Choosing a SoftPro System Before tackling financing, we recommend picking the right water softener for your home",SoftPro Site Claim,innovative-financing-options-water-softener-system,N/A,No,SoftPro Advantage,Add to page
"Emily went with Abunda’s lease-to-own option, locking in a $0 down deal and avoiding any hard credit pull",SoftPro Site Claim,innovative-financing-options-water-softener-system,N/A,No,Pricing/Cost,Add to page
We recommend contacting your local water utility for information on lead service lines in your area and to inquire about lead testing options,SoftPro Site Claim,how-to-get-rid-of-lead-in-water,N/A,No,Other,Add to page
"When choosing a water filter for lead removal , it is crucial to select one certified by NSF International",SoftPro Site Claim,how-to-get-rid-of-lead-in-water,N/A,No,SoftPro Advantage,Add to page
"However, it is important to choose bottled water that has been tested and certified for low lead levels",SoftPro Site Claim,how-to-get-rid-of-lead-in-water,N/A,No,SoftPro Advantage,Add to page
Recommended Water Filters We offer a variety of high-quality water filters designed to address different needs and budgets,SoftPro Site Claim,how-to-get-rid-of-lead-in-water,N/A,No,Other,Add to page
"Here's a general guideline: Mildly hard water (75-125 ppm): Salt-free softeners can be sufficient, potentially achieving 50-60% hardness reduction",SoftPro Site Claim,salt-based-vs-salt-free,N/A,No,Hard Water Statistic,Add to page
"3 ppm, you’ve got a potential issue",SoftPro Site Claim,whole-house-iron-filters-for-well-water-better-than-city-wat,N/A,No,Performance Spec,Add to page
"Water softeners systems work like champs for ferrous iron levels between 2 and 5 ppm, but only when the stars—and conditions—line up",SoftPro Site Claim,whole-house-iron-filters-for-well-water-better-than-city-wat,N/A,No,Performance Spec,Add to page
You should be comfortable with how often it needs backwashing and other TLC,SoftPro Site Claim,whole-house-iron-filters-for-well-water-better-than-city-wat,N/A,No,Other,Add to page
"It can remove up to 30 parts per million (ppm) of iron, 7 ppm of manganese, and 5 ppm of hydrogen sulfide",SoftPro Site Claim,whole-house-iron-filters-for-well-water-better-than-city-wat,N/A,No,Hard Water Statistic,Add to page
"This media lasts between 5–10 years before requiring replacement, ensuring long-term efficiency and cost savings",SoftPro Site Claim,whole-house-iron-filters-for-well-water-better-than-city-wat,N/A,No,Pricing/Cost,Add to page
✓ Periodically check and replace the filtration media as needed (typically every 5–10 years),SoftPro Site Claim,whole-house-iron-filters-for-well-water-better-than-city-wat,N/A,No,Maintenance,Add to page
"It also effectively removes: ✓ 7 PPM of manganese , which can cause black stains on fixtures",SoftPro Site Claim,whole-house-iron-filters-for-well-water-better-than-city-wat,N/A,No,Performance Spec,Add to page
"✓ 5 PPM of hydrogen sulfide (sulfur) , eliminating the unpleasant ""rotten egg"" smell",SoftPro Site Claim,whole-house-iron-filters-for-well-water-better-than-city-wat,N/A,No,Performance Spec,Add to page
"✓ Its backwash cycles are optimized for efficiency, using 20% less water compared to similar systems",SoftPro Site Claim,whole-house-iron-filters-for-well-water-better-than-city-wat,N/A,No,Hard Water Statistic,Add to page
This system is particularly well-suited for: ✓ Homes with iron levels exceeding 7 PPM,SoftPro Site Claim,whole-house-iron-filters-for-well-water-better-than-city-wat,N/A,No,Performance Spec,Add to page
A general estimate is 75 gallons per person per day,SoftPro Site Claim,do-i-need-to-adjust-the-chosen-size-based-on-the-softeners-r,N/A,No,Hard Water Statistic,Add to page
"Scenario 2: A smaller household with moderately hard water (10 GPG) and lower water usage might only need a 24,000-grain softener regenerating weekly",SoftPro Site Claim,do-i-need-to-adjust-the-chosen-size-based-on-the-softeners-r,N/A,No,Performance Spec,Add to page
7 ppm Just right for cutting down cavities 1,SoftPro Site Claim,tap-water-fluoride-filter-from-toxic-to-pure-in-3-simple-ste,N/A,No,Performance Spec,Add to page
7 ppm is just what the dentist ordered for cavity-busting,SoftPro Site Claim,tap-water-fluoride-filter-from-toxic-to-pure-in-3-simple-ste,N/A,No,Performance Spec,Add to page
"Now, the Environmental Protection Agency (EPA) has a hard stop at 4 ppm, although anything north of 2 ppm is starting to edge into sketchy territory",SoftPro Site Claim,tap-water-fluoride-filter-from-toxic-to-pure-in-3-simple-ste,N/A,No,Performance Spec,Add to page
6 ppm to an impressive zero,SoftPro Site Claim,tap-water-fluoride-filter-from-toxic-to-pure-in-3-simple-ste,N/A,No,Performance Spec,Add to page
"And it keeps you hydrated for 100 gallons—wow, not a bad sidekick to have in your cupboard",SoftPro Site Claim,tap-water-fluoride-filter-from-toxic-to-pure-in-3-simple-ste,N/A,No,Performance Spec,Add to page
0 ppm Lifespan 100 gallons Reverse Osmosis Systems Sometimes we need the big guns—enter the reverse osmosis system,SoftPro Site Claim,tap-water-fluoride-filter-from-toxic-to-pure-in-3-simple-ste,N/A,No,Performance Spec,Add to page
"6 ppm to zilch, it adapts like a pro",SoftPro Site Claim,tap-water-fluoride-filter-from-toxic-to-pure-in-3-simple-ste,N/A,No,Performance Spec,Add to page
This tiny powerhouse can nix up to 97% of fluoride,SoftPro Site Claim,tap-water-fluoride-filter-from-toxic-to-pure-in-3-simple-ste,N/A,No,Hard Water Statistic,Add to page
"4% reduction, in the dust",SoftPro Site Claim,tap-water-fluoride-filter-from-toxic-to-pure-in-3-simple-ste,N/A,No,Hard Water Statistic,Add to page
"5 ppm for good health, but too much spells trouble",SoftPro Site Claim,fluoride-water-filter-reviews-uncovering-the-truth-behind-po,N/A,No,Performance Spec,Add to page
5 ppm (WHO) Dental Fluorosis &gt; 1,SoftPro Site Claim,fluoride-water-filter-reviews-uncovering-the-truth-behind-po,N/A,No,Performance Spec,Add to page
"5 ppm Other Health Concerns Impact of Fluoridation Regulations Fluoride rules? Definitely all over the place, depending on where you live",SoftPro Site Claim,fluoride-water-filter-reviews-uncovering-the-truth-behind-po,N/A,No,Performance Spec,Add to page
"5 ppm, which shows they really mean business about safe water",SoftPro Site Claim,fluoride-water-filter-reviews-uncovering-the-truth-behind-po,N/A,No,Performance Spec,Add to page
Trusty brands like Clearly Filtered pitch us a water pitcher that reportedly zaps more than 99% of fluoride from our water,SoftPro Site Claim,fluoride-water-filter-reviews-uncovering-the-truth-behind-po,N/A,No,Hard Water Statistic,Add to page
Studies have shown that water softeners can reduce hardness by up to 99%,SoftPro Site Claim,types-of-water-softeners,N/A,No,Hard Water Statistic,Add to page
"✓ Features: Consider options like automatic regeneration, smart technology control, and efficiency ratings",SoftPro Site Claim,types-of-water-softeners,N/A,No,Other,Add to page
Consult a water treatment professional for recommendations and proper sizing of a dual-tank system for your specific needs,SoftPro Site Claim,types-of-water-softeners,N/A,No,Other,Add to page
"Local Water Treatment Professionals: Can test your water, recommend suitable systems, and provide installation guidance",SoftPro Site Claim,types-of-water-softeners,N/A,No,Other,Add to page
"Therefore, salt-based and salt-free softeners remain the recommended options for reliable and proven hardness removal",SoftPro Site Claim,types-of-water-softeners,N/A,No,Maintenance,Add to page
"Famous for its certified parts and lifetime warranty, this system's a mix of effectiveness and economy",SoftPro Site Claim,well-water-rust-removal-systems-too-good-to-be-true,N/A,No,Maintenance,Add to page
"You choose your SoftPro ECO, Elite, or Smart Home+ system, select your term (often 6 to 24 months), and pay a fixed amount each month",SoftPro Site Claim,financing-options-for-water-softener-system-purchase,N/A,No,SoftPro Advantage,Add to page
"That’s a potential $3,200 back in your pocket in the year you install",SoftPro Site Claim,financing-options-for-water-softener-system-purchase,N/A,No,Pricing/Cost,Add to page
"GE: Provides standard warranties, typically 10 years on tanks and 3 years on electronic components",SoftPro Site Claim,vs-ge,N/A,No,Other,Add to page
"Bypass Valve Malfunction: If the bypass valve remains partially open, hard water bypasses the softening process, negating its effects",SoftPro Site Claim,how-to-troubleshoot-an-ion-exchange-water-softener,N/A,No,SoftPro Advantage,Add to page
Refer to your manual or manufacturer's recommendations for optimal settings,SoftPro Site Claim,how-to-troubleshoot-an-ion-exchange-water-softener,N/A,No,Other,Add to page
"Checking the Bypass Valve: Ensure the bypass valve is fully closed, preventing untreated water from bypassing the softening process",SoftPro Site Claim,how-to-troubleshoot-an-ion-exchange-water-softener,N/A,No,SoftPro Advantage,Add to page
"Every drop counts! According to the Environmental Protection Agency (EPA), water softeners account for roughly 2% of residential water use in the U",SoftPro Site Claim,how-to-troubleshoot-an-ion-exchange-water-softener,N/A,No,Hard Water Statistic,Add to page
Bypass valve: Allows untreated water to bypass the softener for maintenance or low water pressure situations,SoftPro Site Claim,how-does-an-ion-exchange-water-softener-work,N/A,No,SoftPro Advantage,Add to page
Experts recommend cleaning the tank annually or every 6 months in areas with high water hardness,SoftPro Site Claim,how-does-an-ion-exchange-water-softener-work,N/A,No,Maintenance,Add to page
"The typical lifespan of resin is 5-7 years, but this can vary depending on water hardness and usage",SoftPro Site Claim,how-does-an-ion-exchange-water-softener-work,N/A,No,Maintenance,Add to page
Consulting a plumber for professional diagnosis and repair is recommended in such cases,SoftPro Site Claim,how-does-an-ion-exchange-water-softener-work,N/A,No,Other,Add to page
An analysis by Consumer Reports in 2023 revealed that high-efficiency water softeners can reduce salt usage by up to 50% compared to standard models,SoftPro Site Claim,how-to-reduce-the-salt-consumption-of-an-ion-exchange-water-,N/A,No,Hard Water Statistic,Add to page
"Based on average salt prices and water usage, implementing moderate salt reduction strategies can save homeowners around $20 to $50 annually",SoftPro Site Claim,how-to-reduce-the-salt-consumption-of-an-ion-exchange-water-,N/A,No,Pricing/Cost,Add to page
This often involves consulting the manufacturer's recommendations for your specific softener model and water hardness level,SoftPro Site Claim,how-to-reduce-the-salt-consumption-of-an-ion-exchange-water-,N/A,No,Other,Add to page
Consulting the manufacturer's recommendations and seeking professional guidance when needed ensures success,SoftPro Site Claim,how-to-reduce-the-salt-consumption-of-an-ion-exchange-water-,N/A,No,Other,Add to page
"However, for a more comprehensive analysis, we recommend contacting a professional water testing laboratory",SoftPro Site Claim,sulfur-water-contaminants-causes-effects-solutions,N/A,No,Other,Add to page
"For expert guidance in selecting the right sulfur water treatment system, we recommend consulting with a qualified water treatment professional",SoftPro Site Claim,sulfur-water-contaminants-causes-effects-solutions,N/A,No,Other,Add to page
They can assess your specific water quality issues and recommend the most suitable and cost-effective solution,SoftPro Site Claim,sulfur-water-contaminants-causes-effects-solutions,N/A,No,Pricing/Cost,Add to page
We recommend asking our local SoftPro dealer if they work with any POS financing platforms to streamline the process,SoftPro Site Claim,are-there-financing-options-available-for-purchasing-a-water,N/A,No,SoftPro Advantage,Add to page
Consult Your Softener Manual: Your owner's manual has essential information about the recommended settings for your specific water softener model,SoftPro Site Claim,how-often-should-i-regenerate-my-water-softener,N/A,No,Other,Add to page
Regulations and Best Practices: Government regulations and industry best practices aim to minimize agricultural contamination of water sources,SoftPro Site Claim,private-well-water-systems-near-farms-agriculture-and-livest,N/A,No,Other,Add to page
5% of private wells tested in Indiana exceeded the safe drinking water standard for nitrates,SoftPro Site Claim,private-well-water-systems-near-farms-agriculture-and-livest,N/A,No,Hard Water Statistic,Add to page
"Typical costs range from $100 to $1,000 or more",SoftPro Site Claim,how-to-remove-arsenic-from-water,N/A,No,Pricing/Cost,Add to page
"We recommend the SoftPro® Reverse Osmosis System w/ Advanced Alkalizing RO Water Filter for a high-quality, efficient solution",SoftPro Site Claim,how-to-remove-arsenic-from-water,N/A,No,SoftPro Advantage,Add to page
A study published in the journal Water Research found that activated alumina filters could remove over 95% of arsenic from contaminated water,SoftPro Site Claim,how-to-remove-arsenic-from-water,N/A,No,Hard Water Statistic,Add to page
"For well water with high iron content, we recommend the Aquafine® Fine Mesh Premium Ion Exchange Resin (for well water with iron)",SoftPro Site Claim,how-to-remove-arsenic-from-water,N/A,No,Maintenance,Add to page
"For well water, we recommend reverse osmosis or activated alumina filtration",SoftPro Site Claim,how-to-remove-arsenic-from-water,N/A,No,Other,Add to page
This includes: Importance of Regular Maintenance Filter replacement: Adhere to the manufacturer's recommendations for filter replacement schedules,SoftPro Site Claim,how-to-remove-arsenic-from-water,N/A,No,Maintenance,Add to page
7 ppm (that's like 0,SoftPro Site Claim,water-filter-fluoride-heavy-metals-the-complete-protection-g,N/A,No,Performance Spec,Add to page
"In areas with high iron content or sediment, cleaning the brine tank every 3-6 months might be necessary",SoftPro Site Claim,how-to-maintain-an-ion-exchange-water-softener,N/A,No,Maintenance,Add to page
"For resin bed cleaning, a yearly backwashing and manual cleaning every 3-5 years is generally sufficient",SoftPro Site Claim,how-to-maintain-an-ion-exchange-water-softener,N/A,No,Maintenance,Add to page
They can accurately diagnose the issue and recommend the most effective solution,SoftPro Site Claim,how-to-maintain-an-ion-exchange-water-softener,N/A,No,Other,Add to page
"""Recommended is a guideline, not a guarantee of consistency",SoftPro Site Claim,fluoride-tap-water-5-surprising-truths-about-your-homes-wate,N/A,No,Other,Add to page
"However, professional installation ensures proper setup and adherence to code, with fees typically ranging from $100 to $500",SoftPro Site Claim,how-much-does-it-cost-to-operate-and-maintain-an-ion-exchang,N/A,No,Pricing/Cost,Add to page
"Rock salt is generally cheaper, costing around $4 to $6 per 40-pound bag, while evaporated salt is slightly more expensive at $5 to $8 per bag",SoftPro Site Claim,how-much-does-it-cost-to-operate-and-maintain-an-ion-exchang,N/A,No,Pricing/Cost,Add to page
"This typically involves a simple removal and rinse process, costing around $10-$20 per filter",SoftPro Site Claim,how-much-does-it-cost-to-operate-and-maintain-an-ion-exchang,N/A,No,Pricing/Cost,Add to page
"However, professional service calls provide expert diagnosis and ensure optimal system performance, typically costing around $75-$150 per visit",SoftPro Site Claim,how-much-does-it-cost-to-operate-and-maintain-an-ion-exchang,N/A,No,Pricing/Cost,Add to page
"Beyond warranty, expect repair costs to vary depending on the issue and complexity, potentially ranging from $100 to $500 or more",SoftPro Site Claim,how-much-does-it-cost-to-operate-and-maintain-an-ion-exchang,N/A,No,Pricing/Cost,Add to page
"✓ Average Repair Costs: A 2020 survey by HomeAdvisor found the average cost of water softener repair to be around $325, with a range of $150 to $500",SoftPro Site Claim,how-much-does-it-cost-to-operate-and-maintain-an-ion-exchang,N/A,No,Pricing/Cost,Add to page
Budgeting for annual service calls (around $100-$150) can provide peace of mind and ensure your softener operates smoothly,SoftPro Site Claim,how-much-does-it-cost-to-operate-and-maintain-an-ion-exchang,N/A,No,Pricing/Cost,Add to page
A family of four using 150 gallons of water per day can expect different costs than a single person using 50 gallons daily,SoftPro Site Claim,how-much-does-it-cost-to-operate-and-maintain-an-ion-exchang,N/A,No,Pricing/Cost,Add to page
"Studies have shown that households with soft water can use up to 50% less soap and detergent, leading to cost savings on these everyday items",SoftPro Site Claim,how-much-does-it-cost-to-operate-and-maintain-an-ion-exchang,N/A,No,Pricing/Cost,Add to page
Studies estimate that homes with soft water can see a 5-10% reduction in their water heating energy bills,SoftPro Site Claim,how-much-does-it-cost-to-operate-and-maintain-an-ion-exchang,N/A,No,Hard Water Statistic,Add to page
"For example, the Pura UV-20 Systems 10 Micron Carbon Block Filter combines UV purification with carbon filtration for enhanced water treatment",SoftPro Site Claim,how-to-remove-chlorine-and-chloramine-from-water,N/A,No,Performance Spec,Add to page
Contact our team of experts for personalized recommendations and to address your specific water quality concerns,SoftPro Site Claim,how-to-remove-chlorine-and-chloramine-from-water,N/A,No,Other,Add to page
Check System Age Most water softeners run smoothly for about 10–15 years with proper care,SoftPro Site Claim,signs-you-need-a-new-water-softener,N/A,No,Other,Add to page
"Components like the resin tank and control valve wear out over time, and repairs can quickly exceed 50 percent of a new system’s cost",SoftPro Site Claim,signs-you-need-a-new-water-softener,N/A,No,Pricing/Cost,Add to page
"Depends on system Clearly Filtered Water Bottles These nifty bottles come with advanced filters, serving 25 gallons before they tire out",SoftPro Site Claim,fluoride-filter-maintenance-the-50-trick-that-doubles-filter,N/A,No,Performance Spec,Add to page
"25 gallons Inline Fridge Filter Attaches to your fridge, blocking a ton of contaminants, fluoride included, and lasts up to 365 gallons",SoftPro Site Claim,fluoride-filter-maintenance-the-50-trick-that-doubles-filter,N/A,No,Performance Spec,Add to page
"365 gallons Water Pitcher Filter Easy-peasy for home use, sticking around for 100 gallons after roughly 200 uses",SoftPro Site Claim,fluoride-filter-maintenance-the-50-trick-that-doubles-filter,N/A,No,Performance Spec,Add to page
"100 gallons Every filter here plays its own tune, so it’s about picking one that suits how we groove at home",SoftPro Site Claim,fluoride-filter-maintenance-the-50-trick-that-doubles-filter,N/A,No,Performance Spec,Add to page
Pre-filters in reverse osmosis systems should be replaced every 6–12 months to protect delicate membranes from sediment and chlorine damage,SoftPro Site Claim,water-filtration-systems-for-iron-removal-the-untold-truth,N/A,No,Maintenance,Add to page
RO membranes typically last 2–3 years but may need earlier replacement if not paired with a water softener to handle hard water minerals,SoftPro Site Claim,water-filtration-systems-for-iron-removal-the-untold-truth,N/A,No,Maintenance,Add to page
What to Look For Suggested Values Iron Removal Ability 7-10 ppm Sweet Spot for pH 8,SoftPro Site Claim,water-filtration-systems-for-iron-removal-the-untold-truth,N/A,No,Performance Spec,Add to page
"It’s the overachiever of the bunch, managing up to 30 ppm",SoftPro Site Claim,water-filtration-systems-for-iron-removal-the-untold-truth,N/A,No,Performance Spec,Add to page
"When choosing an SoftPro RO Filters system , look for products that are certified by NSF International",SoftPro Site Claim,what-are-the-stages-of-reverse-osmosis-filtration,N/A,No,SoftPro Advantage,Add to page
"Sediment filters typically need to be replaced every 6-12 months, while carbon filters may last 6-12 months",SoftPro Site Claim,what-are-the-stages-of-reverse-osmosis-filtration,N/A,No,Maintenance,Add to page
"The frequency of cleaning depends on water quality and use, but it's generally recommended to clean the membrane every 6-12 months",SoftPro Site Claim,what-are-the-stages-of-reverse-osmosis-filtration,N/A,No,Maintenance,Add to page
Contaminant Recommended Level for Drinking Water (mg/L) Iron ≤ 0,SoftPro Site Claim,iron-and-manganese-water-filter-test-black-water-to-crystal-,N/A,No,Other,Add to page
"Many can handle an Olympic-sized amount of water—up to 100,000 gallons— or keep going strong for about a year",SoftPro Site Claim,iron-and-manganese-water-filter-test-black-water-to-crystal-,N/A,No,Performance Spec,Add to page
You’ll be waving goodbye to that $400 a year you’ve been handing over for bottled water,SoftPro Site Claim,iron-and-manganese-water-filter-test-black-water-to-crystal-,N/A,No,Pricing/Cost,Add to page
"Instead, maintaining this system is like finding a ten-dollar bill—it’s a mere $40 to $100 yearly",SoftPro Site Claim,iron-and-manganese-water-filter-test-black-water-to-crystal-,N/A,No,Pricing/Cost,Add to page
"In areas with very hard water (greater than 250 ppm hardness), regeneration may be needed every few days",SoftPro Site Claim,how-to-regenerate-an-ion-exchange-water-softener,N/A,No,Performance Spec,Add to page
"Timer: In automatic models, the timer schedules automatic regeneration cycles based on pre-set intervals or water usage",SoftPro Site Claim,how-to-regenerate-an-ion-exchange-water-softener,N/A,No,Other,Add to page
Protective Gear: Wearing gloves and eye protection is recommended while handling salt and brine solution to avoid skin and eye irritation,SoftPro Site Claim,how-to-regenerate-an-ion-exchange-water-softener,N/A,No,Maintenance,Add to page
Follow the manufacturer's recommendations and adjust the timer schedule based on your specific water conditions and usage,SoftPro Site Claim,how-to-regenerate-an-ion-exchange-water-softener,N/A,No,Other,Add to page
Consult the manual for specific salt types and quantities recommended for your model,SoftPro Site Claim,how-to-regenerate-an-ion-exchange-water-softener,N/A,No,Maintenance,Add to page
Timer Setting: Double-check the timer settings and confirm it's programmed for automatic regeneration if that's your preferred option,SoftPro Site Claim,how-to-regenerate-an-ion-exchange-water-softener,N/A,No,Other,Add to page
"Bypassing Error: Ensure the bypass valve is in the correct position, allowing water to flow through the softener",SoftPro Site Claim,how-to-regenerate-an-ion-exchange-water-softener,N/A,No,Performance Spec,Add to page
Clean these areas periodically with a vinegar solution or other demineralization products recommended by your manufacturer,SoftPro Site Claim,how-to-regenerate-an-ion-exchange-water-softener,N/A,No,Maintenance,Add to page
"They can check overall system health, identify potential issues before they become major problems, and recommend preventive maintenance measures",SoftPro Site Claim,how-to-regenerate-an-ion-exchange-water-softener,N/A,No,Other,Add to page
Follow the steps: Familiarize yourself with your specific model's regeneration process and adhere to the recommended steps,SoftPro Site Claim,how-to-regenerate-an-ion-exchange-water-softener,N/A,No,Other,Add to page
"For example, a 32,000-grain softener would have a working capacity of 24,000 grains before regeneration",SoftPro Site Claim,what-is-the-reserve-capacity-of-a-water-softener-and-does-it,N/A,No,Performance Spec,Add to page
"Estimate Daily Water Usage: A general guideline is 75 gallons of water per person, per day in your household",SoftPro Site Claim,what-is-the-reserve-capacity-of-a-water-softener-and-does-it,N/A,No,Hard Water Statistic,Add to page
"Example: 225 gallons/day (3 people) x 15 GPG hardness x 4 days between regenerations = 13,500 grains",SoftPro Site Claim,what-is-the-reserve-capacity-of-a-water-softener-and-does-it,N/A,No,Performance Spec,Add to page
"13,500 grains x 1",SoftPro Site Claim,what-is-the-reserve-capacity-of-a-water-softener-and-does-it,N/A,No,Performance Spec,Add to page
You should be comfortable cutting and soldering copper pipes and working with various fittings and adapters,SoftPro Site Claim,how-to-install-a-water-softener-yourself,N/A,No,Other,Add to page
Install the Bypass Valve: Attach the bypass valve supplied with your softener system,SoftPro Site Claim,how-to-install-a-water-softener-yourself,N/A,No,SoftPro Advantage,Add to page
"Turn on Water and Check for Leaks: Slowly turn on your main water supply, and open the bypass valve",SoftPro Site Claim,how-to-install-a-water-softener-yourself,N/A,No,SoftPro Advantage,Add to page
"This translates to roughly 9,125 gallons per year",SoftPro Site Claim,how-much-water-does-an-ion-exchange-water-softener-waste,N/A,No,Performance Spec,Add to page
"A 40,000-grain softener, for example, might use 35-40 gallons per regeneration, while a smaller 20,000-grain model might use around 20-25 gallons",SoftPro Site Claim,how-much-water-does-an-ion-exchange-water-softener-waste,N/A,No,Performance Spec,Add to page
Refer to your manual for recommended cleaning intervals,SoftPro Site Claim,how-much-water-does-an-ion-exchange-water-softener-waste,N/A,No,Maintenance,Add to page
"Most resin lasts around 5 to 10 years, but this lifespan is shortened by hard water or a high water usage rate",SoftPro Site Claim,how-to-replace-the-water-softener-resin,N/A,No,Maintenance,Add to page
Fill to the manufacturer's recommended level,SoftPro Site Claim,how-to-replace-the-water-softener-resin,N/A,No,Other,Add to page
What's the lifespan of water softener resin? Resin typically lasts between 5-10 years,SoftPro Site Claim,how-to-replace-the-water-softener-resin,N/A,No,Maintenance,Add to page
A 40-pound bag typically costs between $4 and $7,SoftPro Site Claim,how-to-save-money-on-ion-exchange-water-softener-salt,N/A,No,Pricing/Cost,Add to page
"Costs slightly more than NaCl, typically between $6 and $10 per bag",SoftPro Site Claim,how-to-save-money-on-ion-exchange-water-softener-salt,N/A,No,Pricing/Cost,Add to page
"Costs similar to KCl, ranging from $6 to $10 per bag",SoftPro Site Claim,how-to-save-money-on-ion-exchange-water-softener-salt,N/A,No,Pricing/Cost,Add to page
Choosing the right salt level: Maintain a recommended salt level in the tank to avoid bridging and ensure adequate brine concentration,SoftPro Site Claim,how-to-save-money-on-ion-exchange-water-softener-salt,N/A,No,Maintenance,Add to page
Seek professional advice: Consult a water treatment specialist for personalized recommendations based on your water and needs,SoftPro Site Claim,how-to-save-money-on-ion-exchange-water-softener-salt,N/A,No,Other,Add to page
Electrical Access: An electrical outlet is essential to power the water softener's control panel and automatic regeneration processes,SoftPro Site Claim,where-to-install-your-water-softener,N/A,No,Other,Add to page
"7 ppm as the sweet spot for fluoride, bringing it down from an old range of 0",SoftPro Site Claim,how-to-filter-fluoride-out-of-water-7-methods-that-actually-,N/A,No,Performance Spec,Add to page
"If you're thinking a Point of Use (POU) system, you're looking at a wallet ding anywhere from $350 to $1,000",SoftPro Site Claim,how-to-filter-fluoride-out-of-water-7-methods-that-actually-,N/A,No,Pricing/Cost,Add to page
"Generally, areas with over 7 grains per gallon of hardness benefit most from softening",SoftPro Site Claim,how-to-install-an-ion-exchange-water-softener,N/A,No,Performance Spec,Add to page
"Features Modern softeners offer various features like digital controls, leak sensors, and automatic bypass valves",SoftPro Site Claim,how-to-install-an-ion-exchange-water-softener,N/A,No,SoftPro Advantage,Add to page
"Test the bypass valve: Once installed, turn on the water supply and briefly open the bypass valve to confirm proper water flow before proceeding",SoftPro Site Claim,how-to-install-an-ion-exchange-water-softener,N/A,No,Performance Spec,Add to page
Fill the brine tank with salt: Choose the recommended salt type (usually rock salt) and pour it into the brine tank,SoftPro Site Claim,how-to-install-an-ion-exchange-water-softener,N/A,No,Maintenance,Add to page
Avoid overfilling and follow the manufacturer's recommended salt level,SoftPro Site Claim,how-to-install-an-ion-exchange-water-softener,N/A,No,Maintenance,Add to page
Use the recommended salt type (usually rock salt) and avoid overfilling to prevent clogging,SoftPro Site Claim,how-to-install-an-ion-exchange-water-softener,N/A,No,Maintenance,Add to page
"Cleaning and Disinfection: Every 6 months, perform a cleaning cycle to remove any accumulated sediment or bacteria",SoftPro Site Claim,how-to-install-an-ion-exchange-water-softener,N/A,No,Maintenance,Add to page
"Disinfection may also be recommended periodically, depending on your water source and softener model",SoftPro Site Claim,how-to-install-an-ion-exchange-water-softener,N/A,No,Other,Add to page
A study published in the Journal of Environmental Research found that households with soft water spend 20% less time cleaning bathrooms and kitchens,SoftPro Site Claim,how-to-install-an-ion-exchange-water-softener,N/A,No,Hard Water Statistic,Add to page
Top-notch filters like SoftPro Fluoride Filter which can zap out up to 99% of that stuff when they're put to the test,SoftPro Site Claim,fluoride-filter-replacement-timing-secrets-for-maximum-perfo,N/A,No,Hard Water Statistic,Add to page
"5 microns These guys are like magnets for fluoride, chlorine, and all those iffy organic bits",SoftPro Site Claim,fluoride-filter-replacement-timing-secrets-for-maximum-perfo,N/A,No,Performance Spec,Add to page
"0001 microns They’re like the all-stars! They push water through a fine membrane, letting only the clean drops come through",SoftPro Site Claim,fluoride-filter-replacement-timing-secrets-for-maximum-perfo,N/A,No,Maintenance,Add to page
"5 microns or smaller Made for fluoride removal, these can team up with other systems to give your water a real deep clean",SoftPro Site Claim,fluoride-filter-replacement-timing-secrets-for-maximum-perfo,N/A,No,Maintenance,Add to page
"They're more like big-particle bouncers, only stopping the large stuff (5 microns or larger)",SoftPro Site Claim,fluoride-filter-replacement-timing-secrets-for-maximum-perfo,N/A,No,Performance Spec,Add to page
Let’s take that next step together—get a free water analysis today and see why plumbers keep recommending the ECO over expensive alternatives,SoftPro Site Claim,affordable-water-softeners-without-compromise,N/A,No,Pricing/Cost,Add to page
Effects of Fluoride in Drinking Water Fluoride should have its own cape because it fights the good fight against tooth decay,SoftPro Site Claim,fluoride-and-chlorine-water-filter-double-threat-or-double-t,N/A,No,Other,Add to page
7 ppm in the water—that’s 0,SoftPro Site Claim,fluoride-and-chlorine-water-filter-double-threat-or-double-t,N/A,No,Performance Spec,Add to page
"5 ppm, the World Health Organization gives a thumbs down",SoftPro Site Claim,fluoride-and-chlorine-water-filter-double-threat-or-double-t,N/A,No,Performance Spec,Add to page
Our pals at the Environmental Protection Agency (EPA) are keeping tabs on this by capping the fluoride party at 4 ppm,SoftPro Site Claim,fluoride-and-chlorine-water-filter-double-threat-or-double-t,N/A,No,Performance Spec,Add to page
Important Note: Always consult your water softener's owner's manual for any specific instructions or precautions recommended by the manufacturer,SoftPro Site Claim,how-to-clean-a-water-softener-brine-tank-easy-diy-tips,N/A,No,Other,Add to page
Consult your manual for the recommended amount and the type of salt best suited for your system,SoftPro Site Claim,how-to-clean-a-water-softener-brine-tank-easy-diy-tips,N/A,No,Maintenance,Add to page
"Maintenance Tips Cleaning Frequency: Recommendations vary based on water hardness, salt consumption, and the type of salt you use",SoftPro Site Claim,how-to-clean-a-water-softener-brine-tank-easy-diy-tips,N/A,No,Maintenance,Add to page
"Priced at just $299, it brings robust ion exchange softening to both city and well water customers",SoftPro Site Claim,quality-assured-affordable-water-softeners,N/A,No,Pricing/Cost,Add to page
Bypass valve and safety float – included at no extra cost for peace of mind during maintenance,SoftPro Site Claim,quality-assured-affordable-water-softeners,N/A,No,Pricing/Cost,Add to page
"Look for models exceeding 4,000 grains of hardness removal per pound of salt",SoftPro Site Claim,how-does-water-softener-efficiency-affect-size-selection,N/A,No,Maintenance,Add to page
"Example If your household uses 300 gallons of water per day with 15 GPG hardness, your daily grain requirement is 4,500 grains",SoftPro Site Claim,how-does-water-softener-efficiency-affect-size-selection,N/A,No,Performance Spec,Add to page
"Efficiency Ratings Look for models exceeding 4,000 grains of hardness removed per pound of salt",SoftPro Site Claim,how-does-water-softener-efficiency-affect-size-selection,N/A,No,Maintenance,Add to page
The National Hairdressing Federation (2019) survey revealed a 78% increase in reported hair shine with softeners,SoftPro Site Claim,benefits-of-water-softener-for-smooth-skin-and-shiny-hair,N/A,No,Hard Water Statistic,Add to page
A study by the Water Quality Association showed that homes with soft water experience a 23% increase in the lifespan of major appliances,SoftPro Site Claim,water-softener,N/A,No,Hard Water Statistic,Add to page
"Features and Functionalities Smart moves : Modern softeners offer automatic regeneration, digital controls, and even smartphone app integration",SoftPro Site Claim,water-softener,N/A,No,Other,Add to page
Install bypass valve (optional): The resin tank of the home water softener allows water flow even when the softener is regenerating,SoftPro Site Claim,water-softener,N/A,No,Maintenance,Add to page
"For example, the SoftPro Elite boasts a 64,000-grain capacity, while the Pelican EcoSoft tops out at 48,000 grains",SoftPro Site Claim,vs-pelican-water-systems,N/A,No,Performance Spec,Add to page
A homeowner in a region with moderately hard water reported a 90% reduction in soap scum and scale buildup after installing an ion exchange softener,SoftPro Site Claim,how-effective-are-ion-exchange-water-softeners-at-removing-h,N/A,No,Hard Water Statistic,Add to page
Quote: The Environmental Protection Agency (EPA) estimates that SoftPro RO systems waste 2-4 gallons of water for every gallon they produce,SoftPro Site Claim,how-effective-are-ion-exchange-water-softeners-at-removing-h,N/A,No,Hard Water Statistic,Add to page
Bypass Valve: A bypass valve allows you to temporarily bypass the softener for maintenance or if soft water isn't needed,SoftPro Site Claim,how-effective-are-ion-exchange-water-softeners-at-removing-h,N/A,No,SoftPro Advantage,Add to page
"On average, a typical water softener installation can range from $500 to $6,000 with an average cost of around $1,500",SoftPro Site Claim,water-softener-installation-cost,N/A,No,Pricing/Cost,Add to page
"Average Costs and Price Ranges Basic Salt-Based System: $500 - $1,500 (suitable for smaller homes with moderate hardness)",SoftPro Site Claim,water-softener-installation-cost,N/A,No,Pricing/Cost,Add to page
"Mid-Range Salt-Based System: $1,500 - $3,000 (for larger homes or significant hardness levels)",SoftPro Site Claim,water-softener-installation-cost,N/A,No,Pricing/Cost,Add to page
"Premium or Salt-Free Systems: $3,000 - $6,000 (may offer advanced features, eco-friendliness, or cater to specific needs)",SoftPro Site Claim,water-softener-installation-cost,N/A,No,Pricing/Cost,Add to page
"Labor Costs: $150 - $1,000 or upwards for complex installations",SoftPro Site Claim,water-softener-installation-cost,N/A,No,Pricing/Cost,Add to page
Consult with a Professional: A reputable installer can assess your needs and recommend the best type and size,SoftPro Site Claim,water-softener-installation-cost,N/A,No,Other,Add to page
"Consider the risks against professional installation costs, which typically range from $150-$1000",SoftPro Site Claim,water-softener-installation-cost,N/A,No,Pricing/Cost,Add to page
"What is the lifespan of a water softener? A well-maintained water softener can last 10-15 years, sometimes even longer",SoftPro Site Claim,water-softener-installation-cost,N/A,No,Maintenance,Add to page
"They can wipe out up to 99% of the bad stuff— volatile organic compounds (VOCs), heavy metals, and other junk floating in your water",SoftPro Site Claim,does-carbon-filter-remove-fluoride-the-scientific-answer-mig,N/A,No,Hard Water Statistic,Add to page
) Knowing what fluoride can do helps us figure out how worried we should be about what’s coming out of our faucets,SoftPro Site Claim,best-filter-to-remove-fluoride-top-7-picks-that-actually-wor,N/A,No,Other,Add to page
"Lots of researchers back up its efficacy, consistently showing that it knocks fluoride levels down to where experts suggest they should be",SoftPro Site Claim,best-filter-to-remove-fluoride-top-7-picks-that-actually-wor,N/A,No,Other,Add to page
"99% APR 24–60 months Accepts low FICO Large installs, low credit That being said, rates and approval vary—always double-check terms before you commit",SoftPro Site Claim,water-softener-financing-solutions,N/A,No,Hard Water Statistic,Add to page
"Installing this system typically costs around $4,000",SoftPro Site Claim,water-softener-financing-solutions,N/A,No,Pricing/Cost,Add to page
"With sticker prices near $6,000, it can feel out of reach—unless we leverage a longer-term loan so it behaves like a bargain",SoftPro Site Claim,water-softener-financing-solutions,N/A,No,Pricing/Cost,Add to page
"A quizzical study by Penn State found that 17% of private wells, especially in the north and west, are packing too much iron",SoftPro Site Claim,iron-filtration-system-innovation-the-military-grade-solutio,N/A,No,Hard Water Statistic,Add to page
"If it's more than 5 ppm, you might need a special water softener system with some fancy gizmo called oxidation tech",SoftPro Site Claim,iron-filtration-system-innovation-the-military-grade-solutio,N/A,No,Performance Spec,Add to page
Water Speed: Your filter should be able to keep up with how fast your water moves when everyone's taking a shower at the same time,SoftPro Site Claim,iron-filtration-system-innovation-the-military-grade-solutio,N/A,No,Other,Add to page
"This system's media, known as Katalox, sticks around for 5 to 10 years without requiring much fuss, saving you bucks in the long haul",SoftPro Site Claim,iron-filtration-system-innovation-the-military-grade-solutio,N/A,No,Other,Add to page
"Installation adds $150 to $1,000, depending on complexity and local permits",SoftPro Site Claim,explore-water-softener-financing-plans,N/A,No,Pricing/Cost,Add to page
"99% APR, many families pay as little as $30 to $50 per month for a midrange unit",SoftPro Site Claim,explore-water-softener-financing-plans,N/A,No,Pricing/Cost,Add to page
Our free water analysis lets Jeremy Phillips and the QWT sales team recommend the right SoftPro system,SoftPro Site Claim,explore-water-softener-financing-plans,N/A,No,SoftPro Advantage,Add to page
"Bone char filters and reverse osmosis are our top picks, with both snagging about 90% of that pesky fluoride",SoftPro Site Claim,do-water-filters-filter-out-fluoride-we-spent-10000-testing-,N/A,No,Hard Water Statistic,Add to page
"Studies show that with proper TLC, these filters can boot around 90% of fluoride from tap water",SoftPro Site Claim,do-water-filters-filter-out-fluoride-we-spent-10000-testing-,N/A,No,Hard Water Statistic,Add to page
They can kick out about 90% to 95% of that fluoride – all without losing the good minerals you actually need,SoftPro Site Claim,do-water-filters-filter-out-fluoride-we-spent-10000-testing-,N/A,No,Hard Water Statistic,Add to page
"Meanwhile, the Environmental Protection Agency lets fluoride up to 4 ppm, with a backup plan sticking to 2 ppm to dodge any health hiccups",SoftPro Site Claim,drinking-water-fluoride-filter-the-ultimate-buyers-guide,N/A,No,Performance Spec,Add to page
Regulatory Body Recommended Level (ppm) Description U,SoftPro Site Claim,drinking-water-fluoride-filter-the-ultimate-buyers-guide,N/A,No,Performance Spec,Add to page
"Recommended Fluoride Levels When it comes to the amount of fluoride in our tap water, knowing what's advised is key",SoftPro Site Claim,drinking-water-fluoride-filter-the-ultimate-buyers-guide,N/A,No,Other,Add to page
Public Health Recommendations The U,SoftPro Site Claim,drinking-water-fluoride-filter-the-ultimate-buyers-guide,N/A,No,Other,Add to page
"7 ppm Back in 2015, they tweaked the earlier fluoride levels from 0",SoftPro Site Claim,drinking-water-fluoride-filter-the-ultimate-buyers-guide,N/A,No,Performance Spec,Add to page
"7 ppm, to dial down possible safety issues",SoftPro Site Claim,drinking-water-fluoride-filter-the-ultimate-buyers-guide,N/A,No,Performance Spec,Add to page
"They've capped the max safe level at 4 ppm , as going over could be risky",SoftPro Site Claim,drinking-water-fluoride-filter-the-ultimate-buyers-guide,N/A,No,Performance Spec,Add to page
They also suggest a secondary max level of 2 ppm to guard against surface-level concerns like those white spots on teeth,SoftPro Site Claim,drinking-water-fluoride-filter-the-ultimate-buyers-guide,N/A,No,Performance Spec,Add to page
0 ppm EPA Secondary Max Level 2,SoftPro Site Claim,drinking-water-fluoride-filter-the-ultimate-buyers-guide,N/A,No,Performance Spec,Add to page
"0 ppm For those of us keeping an eye on fluoride intake, these guidelines are worth knowing",SoftPro Site Claim,drinking-water-fluoride-filter-the-ultimate-buyers-guide,N/A,No,Performance Spec,Add to page
"✓ Long-Lasting Performance : Filters between 600,000 to 1,000,000 gallons of water over 6 to 10 years under typical usage conditions",SoftPro Site Claim,drinking-water-fluoride-filter-the-ultimate-buyers-guide,N/A,No,Performance Spec,Add to page
System Compatibility Always refer to your water softener's owner manual for specific recommendations on salt types,SoftPro Site Claim,choosing-the-right-water-softener-salt,N/A,No,Maintenance,Add to page
Tank Cleaning The recommended cleaning frequency depends on the type of salt you use,SoftPro Site Claim,choosing-the-right-water-softener-salt,N/A,No,Maintenance,Add to page
"Recommendations Overall Top Pick: For most homeowners, evaporated salt is the ideal choice",SoftPro Site Claim,choosing-the-right-water-softener-salt,N/A,No,Maintenance,Add to page
Features and Functionality Automatic control: Look for features like automatic regeneration initiation based on water usage or hardness levels,SoftPro Site Claim,vs-other-water-softener-brands,N/A,No,Other,Add to page
Comparison Example SoftPro's ES7000 comes with automatic regeneration and a 10-year warranty on parts and labor,SoftPro Site Claim,vs-other-water-softener-brands,N/A,No,Maintenance,Add to page
Culligan's HCF20-C also features automatic regeneration but carries a 6-year warranty,SoftPro Site Claim,vs-other-water-softener-brands,N/A,No,Maintenance,Add to page
They also estimated a 15% reduction in water and energy usage due to improved appliance efficiency,SoftPro Site Claim,vs-other-water-softener-brands,N/A,No,Hard Water Statistic,Add to page
"ES7000: Suitable for larger homes or higher water demand, featuring automatic regeneration and advanced functionality",SoftPro Site Claim,vs-other-water-softener-brands,N/A,No,Other,Add to page
"However, she mentions the initial cost as a consideration, recommending budgeting for salt refills",SoftPro Site Claim,vs-other-water-softener-brands,N/A,No,Pricing/Cost,Add to page
"User-friendly features, like automatic regeneration and smart connectivity, offer convenience and peace of mind",SoftPro Site Claim,vs-other-water-softener-brands,N/A,No,Other,Add to page
Organization Recommended Level (mg/L) CDC 0,SoftPro Site Claim,fluoride-filtration-methods-we-tested-every-type-so-you-dont,N/A,No,Other,Add to page
Let's take a look at what we should be keeping in mind,SoftPro Site Claim,whole-home-iron-filter-revolution-the-device-that-eliminated,N/A,No,Other,Add to page
Iron Level (mg/l) Description Recommended Action &lt; 0,SoftPro Site Claim,whole-home-iron-filter-revolution-the-device-that-eliminated,N/A,No,Other,Add to page
The system’s digital control valve lets us fine-tune and easily peek in on the filtration action,SoftPro Site Claim,whole-home-iron-filter-revolution-the-device-that-eliminated,N/A,No,Other,Add to page
The best part? Its automatic backwashing means less time fiddling with gadgets and more time enjoying clean water with hardly any fuss,SoftPro Site Claim,whole-home-iron-filter-revolution-the-device-that-eliminated,N/A,No,Maintenance,Add to page
Public Health Service recommends maintaining fluoride levels at 0,SoftPro Site Claim,fluoride-filter-installation-expert-tips-that-save-you-thous,N/A,No,Maintenance,Add to page
"Today, over 70% of Americans have access to fluoridated water, benefiting communities across income levels by reducing dental health inequities",SoftPro Site Claim,fluoride-filter-installation-expert-tips-that-save-you-thous,N/A,No,Hard Water Statistic,Add to page
"5 ppm—can result in dental fluorosis, especially in children under eight years old",SoftPro Site Claim,fluoride-filter-installation-expert-tips-that-save-you-thous,N/A,No,Performance Spec,Add to page
"5 ppm), skeletal fluorosis can occur, causing joint pain and bone deformities over time",SoftPro Site Claim,fluoride-filter-installation-expert-tips-that-save-you-thous,N/A,No,Performance Spec,Add to page
"7 mg/L - EPA - 4 ppm (primary), 2 ppm (secondary) WHO 1",SoftPro Site Claim,fluoride-filter-installation-expert-tips-that-save-you-thous,N/A,No,Performance Spec,Add to page
"5 ppm - Back in 2015, the Department of Health and Human Services decided to bring the bar down a bit—adjusting the sweet spot to 0",SoftPro Site Claim,fluoride-filter-installation-expert-tips-that-save-you-thous,N/A,No,Performance Spec,Add to page
7 ppm instead of the earlier 0,SoftPro Site Claim,fluoride-filter-installation-expert-tips-that-save-you-thous,N/A,No,Performance Spec,Add to page
The EPA starts raising flags when fluoride climbs over 2 ppm since anything above 4 ppm might have us on the phone with the dentist,SoftPro Site Claim,fluoride-filter-installation-expert-tips-that-save-you-thous,N/A,No,Performance Spec,Add to page
001 microns in size,SoftPro Site Claim,fluoride-filter-installation-expert-tips-that-save-you-thous,N/A,No,Performance Spec,Add to page
Maintenance is straightforward but essential for optimal performance: Replace sediment and carbon filters every 6–12 months to prevent clogging,SoftPro Site Claim,fluoride-filter-installation-expert-tips-that-save-you-thous,N/A,No,Maintenance,Add to page
Replace the RO membrane every 2–3 years or as recommended by the manufacturer,SoftPro Site Claim,fluoride-filter-installation-expert-tips-that-save-you-thous,N/A,No,Maintenance,Add to page
"Replacement filters need frequent changes (every 1–3 months), which can add up over time",SoftPro Site Claim,fluoride-filter-installation-expert-tips-that-save-you-thous,N/A,No,Maintenance,Add to page
Under-Sink Filtration System $120 - $300 Perfect for kitchen use; doesn't cost an arm and a leg to install,SoftPro Site Claim,fluoride-filter-installation-expert-tips-that-save-you-thous,N/A,No,Pricing/Cost,Add to page
Reverse Osmosis System About $300 Wallet-friendly and easy on upkeep; great for families,SoftPro Site Claim,fluoride-filter-installation-expert-tips-that-save-you-thous,N/A,No,Pricing/Cost,Add to page
Compliance with Standards Licensed plumbers or water treatment specialists follow industry standards and local building codes,SoftPro Site Claim,fluoride-filter-installation-expert-tips-that-save-you-thous,N/A,No,Other,Add to page
Custom Solutions Experts can recommend the right filtration system based on your water quality needs,SoftPro Site Claim,fluoride-filter-installation-expert-tips-that-save-you-thous,N/A,No,Other,Add to page
"Professionals handle complex tasks like cutting pipes, installing bypass valves, and ensuring compatibility with existing plumbing",SoftPro Site Claim,fluoride-filter-installation-expert-tips-that-save-you-thous,N/A,No,SoftPro Advantage,Add to page
Feature Frenzy: What Unique Perks Do Each Brand Offer? Bypass Valve: This allows untreated water to bypass the softener if needed,SoftPro Site Claim,vs-weco,N/A,No,SoftPro Advantage,Add to page
"Both brands offer this feature, but WECO's bypass valves tend to be more robust and user-friendly",SoftPro Site Claim,vs-weco,N/A,No,SoftPro Advantage,Add to page
"RKIN: RKIN warranties tend to be shorter, typically ranging from 3 to 5 years",SoftPro Site Claim,vs-rkin,N/A,No,Other,Add to page
"However, some complex models may still require professional help, and costs can range from $100-$300 depending on the model and local rates",SoftPro Site Claim,vs-rkin,N/A,No,Pricing/Cost,Add to page
Features: The advanced digital controls and smart features on many SoftPro models are praised for their ease of use and convenience,SoftPro Site Claim,vs-rkin,N/A,No,SoftPro Advantage,Add to page
"The lifespan of a salt-free water softener can be as short as 3-5 years, compared to 10-15 years for salt-based softeners",SoftPro Site Claim,what-are-the-drawbacks-of-using-a-salt-free-water-softener,N/A,No,Maintenance,Add to page
"Usually, the kit sets us back about $40-$50",SoftPro Site Claim,iron-bacteria-water-filter-alert-the-hidden-danger-in-your-w,N/A,No,Pricing/Cost,Add to page
"With this setup, your water can go from having crazy high fluoride levels of 10 parts per million (ppm) to a tiny trickle of less than 1 ppm",SoftPro Site Claim,activated-alumina-filters-the-hidden-champion-of-fluoride-re,N/A,No,Hard Water Statistic,Add to page
"5, and getting rid of an impressive 95% of fluoride",SoftPro Site Claim,activated-alumina-filters-the-hidden-champion-of-fluoride-re,N/A,No,Hard Water Statistic,Add to page
"5 ppm (that's parts per million for those of us not speaking science every day) to a minuscule, health-conscious less than 0",SoftPro Site Claim,activated-alumina-filters-the-hidden-champion-of-fluoride-re,N/A,No,Hard Water Statistic,Add to page
"1 ppm, all while holding onto the good stuff your body actually likes",SoftPro Site Claim,activated-alumina-filters-the-hidden-champion-of-fluoride-re,N/A,No,Performance Spec,Add to page
Soak the membrane in the sanitizing solution for the recommended time,SoftPro Site Claim,reverse-osmosis-membrane-lifespan-how-long-do-they-last,N/A,No,Other,Add to page
"By implementing a comprehensive pre-treatment system and regular sanitization protocols, they extended their membrane lifespan from 2 years to 3",SoftPro Site Claim,reverse-osmosis-membrane-lifespan-how-long-do-they-last,N/A,No,Other,Add to page
"5 years, resulting in cost savings and improved water quality",SoftPro Site Claim,reverse-osmosis-membrane-lifespan-how-long-do-they-last,N/A,No,Pricing/Cost,Add to page
Seek professional advice: A qualified specialist can tailor recommendations to your specific situation,SoftPro Site Claim,vs-northstar,N/A,No,Other,Add to page
Public Health Service (PHS) says the sweet spot for fluoride in our water should be 0,SoftPro Site Claim,water-filter-fluoride-removal-the-science-backed-solution-gu,N/A,No,Other,Add to page
Control and Monitoring: SoftPro's digital control panels and leak detection systems offer greater control and peace of mind,SoftPro Site Claim,vs-aquios,N/A,No,SoftPro Advantage,Add to page
"Aquios: Provides a standard warranty on its systems, typically ranging from 2 to 5 years depending on the model",SoftPro Site Claim,vs-aquios,N/A,No,Maintenance,Add to page
"Maintenance SoftPro: Requires regular salt refilling, typically every 1-3 months depending on water usage",SoftPro Site Claim,vs-aquios,N/A,No,Maintenance,Add to page
The user-friendly digital control panel and robust warranty also receive positive mentions,SoftPro Site Claim,vs-aquios,N/A,No,Maintenance,Add to page
Convenience-Driven: SoftPro: Digital control panel offers user-friendly monitoring and adjustments,SoftPro Site Claim,vs-aquios,N/A,No,SoftPro Advantage,Add to page
DIY-Savvy: SoftPro: Professional installation recommended for most models,SoftPro Site Claim,vs-aquios,N/A,No,SoftPro Advantage,Add to page
Centers for Disease Control and Prevention (CDC) are clear about it— they recommend 0,SoftPro Site Claim,best-fluoride-water-filter-of-2024-we-tested-23-brands-so-yo,N/A,No,Other,Add to page
Organization Recommended Fluoride Level (mg/L) CDC 0,SoftPro Site Claim,best-fluoride-water-filter-of-2024-we-tested-23-brands-so-yo,N/A,No,Other,Add to page
"With the ability to filter up to 1,000,000 gallons over five years, this eco-friendly system operates without electricity or wastewater",SoftPro Site Claim,best-fluoride-water-filter-of-2024-we-tested-23-brands-so-yo,N/A,No,Performance Spec,Add to page
"Membrane Replacement: The RO membrane typically lasts 2-3 years, depending on water quality and use",SoftPro Site Claim,what-are-the-different-types-of-reverse-osmosis-systems,N/A,No,Maintenance,Add to page
Both SoftPro and Waterboss offer models with features like bypass valves and leak detection to further protect your appliances,SoftPro Site Claim,vs-waterboss,N/A,No,SoftPro Advantage,Add to page
SoftPro: Some models boast patented quick-connect technology and pre-assembled components for simplified installation,SoftPro Site Claim,vs-waterboss,N/A,No,SoftPro Advantage,Add to page
"SoftPro: Many local plumbers are familiar with installing SoftPro models, and the company itself offers recommended installers in their network",SoftPro Site Claim,vs-waterboss,N/A,No,SoftPro Advantage,Add to page
Waterboss: Waterboss also boasts a network of recommended installers and provides resources to help find qualified professionals in your area,SoftPro Site Claim,vs-waterboss,N/A,No,Other,Add to page
Cleaning: Both brands recommend regular cleaning of the brine tank and mineral deposits around the unit to ensure optimal performance,SoftPro Site Claim,vs-waterboss,N/A,No,Maintenance,Add to page
The digital control panels and advanced features like Wi-Fi connectivity are also appreciated for their convenience and ease of use,SoftPro Site Claim,vs-waterboss,N/A,No,Other,Add to page
"The digital control panel is easy to use, and the Wi-Fi monitoring is a bonus",SoftPro Site Claim,vs-waterboss,N/A,No,Other,Add to page
The digital control panels on some Waterboss models might be less feature-rich compared to SoftPro's offerings,SoftPro Site Claim,vs-waterboss,N/A,No,SoftPro Advantage,Add to page
"3 ppm (yep, parts per million), can be a real headache",SoftPro Site Claim,best-whole-house-water-filter-for-iron-how-one-family-solved,N/A,No,Hard Water Statistic,Add to page
"SoftPro Iron Master : With a lifetime warranty up its sleeve, long-term care is all set and squared away",SoftPro Site Claim,best-whole-house-water-filter-for-iron-how-one-family-solved,N/A,No,Maintenance,Add to page
"All-In-One Hero: SoftPro Iron Master is beast, handling up to 30 ppm",SoftPro Site Claim,best-whole-house-water-filter-for-iron-how-one-family-solved,N/A,No,Performance Spec,Add to page
"These are usually best when you're dealing with moderate iron levels (around 1-3 ppm), but they can sometimes crank it up for tougher situations",SoftPro Site Claim,iron-removal-for-water-softeners-the-missing-critical-compon,N/A,No,Performance Spec,Add to page
Most folks recommend scrubbing it up once a year to dodge pesky salt rocks and gunk,SoftPro Site Claim,iron-removal-for-water-softeners-the-missing-critical-compon,N/A,No,Maintenance,Add to page
"For example, their Elite series boasts capacities up to 110,000 grains, while Kinetico's Premier series maxes out at 100,000 grains",SoftPro Site Claim,vs-kinetico,N/A,No,Performance Spec,Add to page
"Initial Purchase Price SoftPro: Prices vary depending on model and capacity, but generally range from $800 to $2,500",SoftPro Site Claim,vs-kinetico,N/A,No,Pricing/Cost,Add to page
"Kinetico: Similar range as SoftPro, with models between $800 and $2,800",SoftPro Site Claim,vs-kinetico,N/A,No,Pricing/Cost,Add to page
"Filter Replacements: Both brands require regular filter replacements, typically costing $50-$100 per change",SoftPro Site Claim,vs-kinetico,N/A,No,Pricing/Cost,Add to page
"Professional Service: Kinetico's recommended professional installation adds an initial cost, while SoftPro's DIY options save you money upfront",SoftPro Site Claim,vs-kinetico,N/A,No,Pricing/Cost,Add to page
"Its lifespan depends on water hardness and usage, typically lasting 5-10 years",SoftPro Site Claim,how-to-extend-the-life-of-your-ion-exchange-water-softener,N/A,No,Other,Add to page
The Water Quality Association recommends checking levels monthly and topping up as needed,SoftPro Site Claim,how-to-extend-the-life-of-your-ion-exchange-water-softener,N/A,No,Other,Add to page
Periodic Cleaning: Remove sediment and prevent brine contamination with cleaning tablets or professional services every 6-12 months,SoftPro Site Claim,how-to-extend-the-life-of-your-ion-exchange-water-softener,N/A,No,Maintenance,Add to page
"According to the Water Quality &amp; Technology Council, using the correct salt dosage can save you an average of $100 per year on salt costs",SoftPro Site Claim,how-to-extend-the-life-of-your-ion-exchange-water-softener,N/A,No,Pricing/Cost,Add to page
Regularly cleaning or replacing filters (every 3-6 months) and checking valves for debris can prevent this,SoftPro Site Claim,how-to-extend-the-life-of-your-ion-exchange-water-softener,N/A,No,Maintenance,Add to page
"If the resin is more than 10 years old or heavily fouled, replacement might be necessary",SoftPro Site Claim,how-to-extend-the-life-of-your-ion-exchange-water-softener,N/A,No,Maintenance,Add to page
"Water Bypass Settings: Ensure the bypass valve is closed, allowing water to flow through the softener",SoftPro Site Claim,how-to-extend-the-life-of-your-ion-exchange-water-softener,N/A,No,Performance Spec,Add to page
Refer to your user manual for bypass valve location and operation,SoftPro Site Claim,how-to-extend-the-life-of-your-ion-exchange-water-softener,N/A,No,SoftPro Advantage,Add to page
"According to the National Sanitation Foundation, opting for annual professional maintenance can lead to a 15% reduction in operating costs over time",SoftPro Site Claim,how-to-extend-the-life-of-your-ion-exchange-water-softener,N/A,No,Pricing/Cost,Add to page
"According to the Environmental Protection Agency, fixing a single dripping faucet can save up to 700 gallons of water per year",SoftPro Site Claim,how-to-extend-the-life-of-your-ion-exchange-water-softener,N/A,No,Performance Spec,Add to page
The National Sanitation Foundation recommends scheduling professional checkups every 1-2 years to maximize your softener's lifespan and performance,SoftPro Site Claim,how-to-extend-the-life-of-your-ion-exchange-water-softener,N/A,No,Other,Add to page
Studies by the Water Quality Association show that regular professional maintenance can add 2-3 years to a softener's lifespan,SoftPro Site Claim,how-to-extend-the-life-of-your-ion-exchange-water-softener,N/A,No,Other,Add to page
Consulting your user manual or contacting the manufacturer for specific recommendations is always a wise first step,SoftPro Site Claim,how-to-extend-the-life-of-your-ion-exchange-water-softener,N/A,No,Other,Add to page
Their expertise and industry best practices can ensure optimal performance and peace of mind,SoftPro Site Claim,how-to-extend-the-life-of-your-ion-exchange-water-softener,N/A,No,Other,Add to page
Continue reading keyboard_arrow_left Page 1 of 4 keyboard_arrow_right Transforming Lives Through Awareness of the Power of Water,SoftPro Site Claim,filtration,N/A,No,SoftPro Advantage,Add to page
"If you have higher hardness levels or more occupants, consider a mid-size softener, effective for up to 15 gpg and 4-6 people",SoftPro Site Claim,what-is-the-best-water-softener-for-a-small-house-or-apartme,N/A,No,Other,Add to page
"They can assess your specific water quality, recommend suitable systems, and guide you through the installation process",SoftPro Site Claim,what-is-the-best-water-softener-for-a-small-house-or-apartme,N/A,No,Other,Add to page
Consulting a qualified water treatment professional for personalized recommendations and expert installation,SoftPro Site Claim,what-is-the-best-water-softener-for-a-small-house-or-apartme,N/A,No,Other,Add to page
Maintain a salt level a few inches above the water line and use the type recommended by your system (often evaporated or solar salt),SoftPro Site Claim,my-water-softener-wont-regenerate-causes-fixes,N/A,No,Maintenance,Add to page
"After roughly 10-15 years, the resin can become worn out and unable to hold onto hardness minerals effectively",SoftPro Site Claim,my-water-softener-wont-regenerate-causes-fixes,N/A,No,Maintenance,Add to page
Opt for high-purity evaporated or solar salt recommended for use in softeners,SoftPro Site Claim,my-water-softener-wont-regenerate-causes-fixes,N/A,No,Maintenance,Add to page
We always recommend using genuine components and following manufacturer instructions for maintenance on your specific water softener system,SoftPro Site Claim,my-water-softener-wont-regenerate-causes-fixes,N/A,No,Other,Add to page
Top Iron Filter Recommendation We did the legwork to nail down the best iron filter setup for folks dealing with well water headaches,SoftPro Site Claim,best-iron-filters-of-2024-we-destroyed-50-to-find-the-winner,N/A,No,Other,Add to page
"If it's off the charts, something like the SoftPro Iron Master could be your best friend, tackling up to 30 ppm of iron",SoftPro Site Claim,best-iron-filters-of-2024-we-destroyed-50-to-find-the-winner,N/A,No,Performance Spec,Add to page
The SoftPro Iron Filtration System loaded with Katalox can keep chugging for 5–10 years,SoftPro Site Claim,best-iron-filters-of-2024-we-destroyed-50-to-find-the-winner,N/A,No,SoftPro Advantage,Add to page
Flow Rate (GPM) Recommended Iron Filter Size Up to 7 GPM 1,SoftPro Site Claim,best-iron-filters-of-2024-we-destroyed-50-to-find-the-winner,N/A,No,Performance Spec,Add to page
They can help you assess your specific needs and recommend the ideal solution for your home's water treatment requirements,SoftPro Site Claim,how-does-seasonal-water-usage-affect-water-softener-size,N/A,No,Other,Add to page
"For most homes, a flow rate of 10-15 gallons per minute is sufficient",SoftPro Site Claim,how-to-choose-the-right-ion-exchange-water-softener-for-your,N/A,No,Performance Spec,Add to page
"Look for models that use less than 4 pounds of salt per 1,000 grains of hardness removed",SoftPro Site Claim,how-to-choose-the-right-ion-exchange-water-softener-for-your,N/A,No,Maintenance,Add to page
"Additional Features: Consider features like digital controls, Wi-Fi connectivity, and leak detection for easy monitoring and operation",SoftPro Site Claim,how-to-choose-the-right-ion-exchange-water-softener-for-your,N/A,No,Other,Add to page
Ongoing Salt and Maintenance Costs: Factor in the cost of salt refills and regular maintenance (approximately every 6 months),SoftPro Site Claim,how-to-choose-the-right-ion-exchange-water-softener-for-your,N/A,No,Pricing/Cost,Add to page
"Install Bypass Valve (Optional): If your softener doesn't have a built-in bypass, install one according to the manufacturer's instructions",SoftPro Site Claim,how-to-choose-the-right-ion-exchange-water-softener-for-your,N/A,No,SoftPro Advantage,Add to page
Fill the brine tank with salt: Use the recommended type and amount of salt for your softener model,SoftPro Site Claim,how-to-choose-the-right-ion-exchange-water-softener-for-your,N/A,No,Maintenance,Add to page
Professional Installation Options (Recommended for Most Users): Hiring a licensed plumber ensures a professional and hassle-free installation,SoftPro Site Claim,how-to-choose-the-right-ion-exchange-water-softener-for-your,N/A,No,Other,Add to page
Here's what to expect: The plumber will assess your plumbing system and recommend the optimal location for your softener,SoftPro Site Claim,how-to-choose-the-right-ion-exchange-water-softener-for-your,N/A,No,Other,Add to page
Schedule Professional Service: Consider having a professional service your softener every 1-2 years for a thorough inspection and cleaning,SoftPro Site Claim,how-to-choose-the-right-ion-exchange-water-softener-for-your,N/A,No,Maintenance,Add to page
"For example, a moderately hard water supply and a family of four might need a softener with a capacity of 32,000 grains or more",SoftPro Site Claim,what-happens-if-my-water-softener-is-too-small,N/A,No,Performance Spec,Add to page
Professional Guidance Consult a water treatment specialist for personalized sizing recommendations and installation advice,SoftPro Site Claim,what-happens-if-my-water-softener-is-too-small,N/A,No,Other,Add to page
"Most water softener brine tanks should be kept around a quarter full of salt at minimum, with the ideal level often being half-full",SoftPro Site Claim,how-much-salt-should-i-put-in-my-water-softener,N/A,No,Maintenance,Add to page
It will provide specific recommendations for salt levels tailored to your particular model,SoftPro Site Claim,how-much-salt-should-i-put-in-my-water-softener,N/A,No,Maintenance,Add to page
Add Salt: Pour in your chosen water softener salt until the tank reaches the recommended fill level (often around half full),SoftPro Site Claim,how-much-salt-should-i-put-in-my-water-softener,N/A,No,Maintenance,Add to page
Average Daily Fluoride Ingestion from Toothpaste Age Group Estimated Fluoride Ingestion (mg) Infants (0 - 5 years) 0,SoftPro Site Claim,water-filter-that-removes-fluoride-9-game-changing-options,N/A,No,Hard Water Statistic,Add to page
25 Kids (6 - 12 years) 0,SoftPro Site Claim,water-filter-that-removes-fluoride-9-game-changing-options,N/A,No,Other,Add to page
"Culligan offers basic digital controls on some models, but smart features are less prevalent",SoftPro Site Claim,vs-culligan,N/A,No,Other,Add to page
"Culligan: Offers varying warranty lengths based on the model, typically ranging from 5 to 10 years on parts and labor",SoftPro Site Claim,vs-culligan,N/A,No,Maintenance,Add to page
Advanced Features: Digital controls and remote monitoring features are praised for convenience and ease of use,SoftPro Site Claim,vs-culligan,N/A,No,Other,Add to page
"Remember, long-term cost, efficiency, and user experience should be weighed alongside the initial price tag",SoftPro Site Claim,vs-culligan,N/A,No,Pricing/Cost,Add to page
"Recommended Hydration Guidelines While individual needs vary, general hydration recommendations suggest: Adult Males: Approximately 3",SoftPro Site Claim,what-drinking-lots-of-water-does-for-you,N/A,No,Other,Add to page
"Generally, water above 7 gpg is considered hard, while water above 15 gpg is considered very hard",SoftPro Site Claim,vs-morton,N/A,No,Other,Add to page
"Morton: Primarily focuses on models with moderate grain capacities, ranging from 16,000 to 32,000 grains",SoftPro Site Claim,vs-morton,N/A,No,Performance Spec,Add to page
"However, some models may include bypass valves for temporary hardness bypass or adjustable softener settings for customized performance",SoftPro Site Claim,vs-morton,N/A,No,SoftPro Advantage,Add to page
"Basic models may start around $700, while top-tier options can reach $2,500 or more",SoftPro Site Claim,vs-morton,N/A,No,Pricing/Cost,Add to page
"Morton: Often falls on the more budget-friendly side, with most models priced between $400 and $1,200",SoftPro Site Claim,vs-morton,N/A,No,Pricing/Cost,Add to page
"Users appreciate advanced features like digital control panels, remote monitoring, and self-cleaning functionalities",SoftPro Site Claim,vs-morton,N/A,No,Maintenance,Add to page
"However, the lack of advanced features like digital displays and remote monitoring may deter tech-savvy users",SoftPro Site Claim,vs-morton,N/A,No,Other,Add to page
"Remember: Your tech savviness, DIY comfort level, and desired warranty coverage should be key factors in evaluating these features",SoftPro Site Claim,vs-rainsoft,N/A,No,Maintenance,Add to page
"In fact, only an estimated 35% of Americans living with hard water have a water softener",SoftPro Site Claim,does-it-cost-more-to-have-a-water-softener-than-its-worth,N/A,No,Hard Water Statistic,Add to page
"Not to mention, you’ll spend up to 50% less time on tasks such as washing dishes and cleaning the bathroom",SoftPro Site Claim,does-it-cost-more-to-have-a-water-softener-than-its-worth,N/A,No,Hard Water Statistic,Add to page
"9% of the iron is history! Of course, regular backwashing —consider it a rinse cycle for your filter systems—keeps everything in tip-top shape",SoftPro Site Claim,iron-filter-media-secret-the-2-solution-beating-expensive-sy,N/A,No,Hard Water Statistic,Add to page
"They follow their automatic regeneration cycles, meaning you won't have to replace them often",SoftPro Site Claim,iron-filter-media-secret-the-2-solution-beating-expensive-sy,N/A,No,Maintenance,Add to page
"A single media bed can last anywhere from 6 to 8 years, which makes it a solid pick for anyone looking to keep things simple and effective at home",SoftPro Site Claim,iron-filter-media-secret-the-2-solution-beating-expensive-sy,N/A,No,Other,Add to page
"Step 3: Assess the Salt Level: Ideal Salt Level: Ideally, the salt should be visible a few inches above the waterline, filling the tank about halfway",SoftPro Site Claim,how-to-check-the-salt-level-in-your-water-softener,N/A,No,Maintenance,Add to page
"Its flagship model boasts a capacity of 80,000 grains, softening water for a large household for months before regeneration",SoftPro Site Claim,vs-calgon,N/A,No,Performance Spec,Add to page
Expect up to 50% savings compared to traditional softeners,SoftPro Site Claim,vs-calgon,N/A,No,Hard Water Statistic,Add to page
"However, both brands consistently meet industry standards for softened water quality",SoftPro Site Claim,vs-calgon,N/A,No,Other,Add to page
"Calgon: While some Calgon models include a bypass valve, it's not a standard feature",SoftPro Site Claim,vs-calgon,N/A,No,SoftPro Advantage,Add to page
"They can assess your specific needs, recommend the best system for your water quality and budget, and ensure proper installation and maintenance",SoftPro Site Claim,vs-calgon,N/A,No,Other,Add to page
Bypass the Softener: Locate the bypass valve on your water softener system and turn it to isolate the softener from your home’s water supply,SoftPro Site Claim,how-to-regenerate-water-softener,N/A,No,SoftPro Advantage,Add to page
"Keep an eye on the bypass valve, brine tank, and the brains of the system",SoftPro Site Claim,iron-filter-and-water-softener-combo-stop-buying-two-systems,N/A,No,Maintenance,Add to page
"Proprietary Media (FluorSorb-MAX™) : Pure Effect Filters use this cutting-edge method for top-notch fluoride reduction, outshining standard filters",SoftPro Site Claim,fluoride-filter-parts-the-complete-shopping-guide-for-diy-re,N/A,No,SoftPro Advantage,Add to page
Estimating Your Household Water Usage The average person uses approximately 75 gallons of water daily,SoftPro Site Claim,what-size-water-softener-is-right-for-a-family-of-four,N/A,No,Performance Spec,Add to page
"For a family of four, that translates to roughly 300 gallons per day",SoftPro Site Claim,what-size-water-softener-is-right-for-a-family-of-four,N/A,No,Performance Spec,Add to page
"To ensure optimal performance and longevity, consider choosing a system with a slightly higher capacity, such as 32,000 or 40,000 grains",SoftPro Site Claim,what-size-water-softener-is-right-for-a-family-of-four,N/A,No,Performance Spec,Add to page
"For each 1 part per million (ppm) of iron present, add 3 GPG to your water hardness level when doing the sizing calculation",SoftPro Site Claim,what-size-water-softener-is-right-for-a-family-of-four,N/A,No,Hard Water Statistic,Add to page
Evaluate Water Hardness We recommend testing with a water test kit or hardness test strips to measure grains per gallon,SoftPro Site Claim,water-softener-installation-guide,N/A,No,Performance Spec,Add to page
Anything above 7 gpg means scale buildup is imminent—and you need a softener,SoftPro Site Claim,water-softener-installation-guide,N/A,No,Other,Add to page
Aim for 50–70 psi during the day (pressure can spike at night),SoftPro Site Claim,water-softener-installation-guide,N/A,No,Other,Add to page
"If you’re outside the 20–125 psi range, add a pressure regulator",SoftPro Site Claim,water-softener-installation-guide,N/A,No,Other,Add to page
What went wrong? Neglecting The Bypass Valve Skipping—or misaligning—the bypass valve means you can’t isolate the softener for service,SoftPro Site Claim,water-softener-installation-guide,N/A,No,SoftPro Advantage,Add to page
Install Bypass Valve Mount the bypass valve onto the softener’s control valve,SoftPro Site Claim,water-softener-installation-guide,N/A,No,SoftPro Advantage,Add to page
"Test For Leaks Turn the bypass valve to “service,” open the main supply, and watch all connections",SoftPro Site Claim,water-softener-installation-guide,N/A,No,SoftPro Advantage,Add to page
"Inspect Valve And Connections Every 3–6 months, verify the bypass valve, drain fittings, and hoses aren’t cracked or loose",SoftPro Site Claim,water-softener-installation-guide,N/A,No,SoftPro Advantage,Add to page
Prep Plumbing Lines This is where our plumber’s $500 secret really shines: installing a dedicated pre-plumb loop for the softener service line,SoftPro Site Claim,stepwise-water-softener-installation,N/A,No,Pricing/Cost,Add to page
Install The Bypass Valve Attach the bypass valve to your main line using flexible supply tubes or soldered copper connections,SoftPro Site Claim,stepwise-water-softener-installation,N/A,No,SoftPro Advantage,Add to page
Set Up Pre-Plumb Loop Here’s the secret: run a pair of dedicated ¾-inch pipes from the bypass valve to where the softener will sit,SoftPro Site Claim,stepwise-water-softener-installation,N/A,No,SoftPro Advantage,Add to page
So here’s the truth—you’ve almost made it! Initiate Backwash Cycle Open the bypass valve slowly to fill the system,SoftPro Site Claim,stepwise-water-softener-installation,N/A,No,SoftPro Advantage,Add to page
Verify water pressure stays between 50 and 70 psi for optimal performance,SoftPro Site Claim,stepwise-water-softener-installation,N/A,No,Other,Add to page
Circuit Protection: Water softeners should be connected to a dedicated circuit with a circuit breaker or fuse to prevent electrical overloads,SoftPro Site Claim,water-softener-electrical-requirements,N/A,No,Other,Add to page
Electronic Functionality: Modern water softeners often feature digital displays and settings,SoftPro Site Claim,water-softener-electrical-requirements,N/A,No,Other,Add to page
"If complex wiring or outlet installation is needed, an electrician is recommended for safety and compliance",SoftPro Site Claim,water-softener-electrical-requirements,N/A,No,Other,Add to page
Feature Air Injected Iron Filter Water Softeners Iron Removal Up to 15 ppm 0,SoftPro Site Claim,air-injected-iron-filter-technology-space-science-in-your-we,N/A,No,Performance Spec,Add to page
Most systems stand the test of time—think 5 to 10 years for the well-cared-for ones,SoftPro Site Claim,iron-in-water-treatment-breakthrough-engineers-are-stunned,N/A,No,Other,Add to page
"It's like the Swiss Army knife of filters, eliminating 92% to 95% of fluoride while also sweeping away up to 99% of other water baddies",SoftPro Site Claim,top-rated-fluoride-filters-that-outperformed-the-industry-st,N/A,No,Hard Water Statistic,Add to page
"And it’s not a slouch when it comes to volume either, cranking out up to 50 gallons of crisp, clean water daily",SoftPro Site Claim,top-rated-fluoride-filters-that-outperformed-the-industry-st,N/A,No,Maintenance,Add to page
"The Moen Reverse Osmosis filter whips up to 50 gallons a day, perfect for big families",SoftPro Site Claim,top-rated-fluoride-filters-that-outperformed-the-industry-st,N/A,No,Performance Spec,Add to page
Plan Smooth Installation Getting soft water at home should be painless,SoftPro Site Claim,are-there-any-affordable-water-softeners-that-dont-compromis,N/A,No,Other,Add to page
"Install yourself or schedule a pro—each SoftPro unit ships with clear instructions, a bypass valve, media guard, and resin tank",SoftPro Site Claim,are-there-any-affordable-water-softeners-that-dont-compromis,N/A,No,Maintenance,Add to page
Find it by looking for the bypass valve with those two red handles on top,SoftPro Site Claim,iron-water-filtration-systems-how-theyre-actually-repairing-,N/A,No,SoftPro Advantage,Add to page
"3 ppm (parts per million), says sources",SoftPro Site Claim,best-solution-for-iron-in-well-water-the-system-that-proved-,N/A,No,Hard Water Statistic,Add to page
Most of these filters can handle around 10 parts per million (ppm) of iron and about 5 ppm for sulfur and manganese,SoftPro Site Claim,iron-and-sulphur-water-filters-from-stains-to-pure-in-hours,N/A,No,Hard Water Statistic,Add to page
It should be easy to get to when maintenance time rolls around and has to be near the main pipeline,SoftPro Site Claim,iron-and-sulphur-water-filters-from-stains-to-pure-in-hours,N/A,No,Other,Add to page
Add the Bypass Valve : Slap a bypass valve onto the filter,SoftPro Site Claim,iron-and-sulphur-water-filters-from-stains-to-pure-in-hours,N/A,No,SoftPro Advantage,Add to page
"The tech here can handle up to 30 ppm of iron – that's top of the class, folks",SoftPro Site Claim,best-well-water-iron-filter-why-rural-homes-are-switching,N/A,No,Performance Spec,Add to page
"3 ppm, you might start seeing problems, like orange-tinged everything",SoftPro Site Claim,best-well-water-iron-filter-why-rural-homes-are-switching,N/A,No,Performance Spec,Add to page
Brands like SoftPro Water Systems come highly recommended for a reason—they know how to tackle fluoride,SoftPro Site Claim,what-filter-removes-fluoride-lab-tests-reveal-the-clear-winn,N/A,No,SoftPro Advantage,Add to page
"Watts: Boasts a wider range of capacities, from 1,500 to 75,000 grains, catering to diverse water usage needs",SoftPro Site Claim,vs-watts,N/A,No,Performance Spec,Add to page
Warranty and Customer Support SoftPro: Offers a lifetime warranty on the softener tank and a 5-year warranty on electrical components,SoftPro Site Claim,vs-watts,N/A,No,Maintenance,Add to page
"Initial price points range from $500 to $1,500 depending on capacity and features",SoftPro Site Claim,vs-watts,N/A,No,Pricing/Cost,Add to page
"Watts: Generally more affordable initially, with options starting around $300 for smaller models",SoftPro Site Claim,vs-watts,N/A,No,Pricing/Cost,Add to page
"Ongoing Expenses SoftPro: Primarily involves occasional filter replacements, costing around $50-$100 each",SoftPro Site Claim,vs-watts,N/A,No,Pricing/Cost,Add to page
"Watts: Requires regular salt refills, with average monthly costs ranging from $10 to $30 depending on water usage and hardness",SoftPro Site Claim,vs-watts,N/A,No,Pricing/Cost,Add to page
Effectiveness: TAC systems work best for moderately hard water (up to 6 gpg) and are highly efficient at reducing scale buildup,SoftPro Site Claim,salt-free-water-softener,N/A,No,Other,Add to page
Research by the WQA suggests salt-free systems can use up to 50% less water than traditional softeners during regeneration,SoftPro Site Claim,salt-free-water-softener,N/A,No,Hard Water Statistic,Add to page
Refer to your manual for the recommended replacement schedule and ensure you use the correct filter type for your system,SoftPro Site Claim,salt-free-water-softener,N/A,No,Maintenance,Add to page
"Replace the chelating media according to the manufacturer's recommendations, usually every 3-6 months depending on water hardness and usage",SoftPro Site Claim,salt-free-water-softener,N/A,No,Maintenance,Add to page
Consulting a water treatment professional for a water analysis and personalized recommendations is highly advisable,SoftPro Site Claim,salt-free-water-softener,N/A,No,Other,Add to page
Regulation Authority Recommended Fluoride Level (mg/L) U,SoftPro Site Claim,home-water-filtration-fluoride-diy-vs-professional-installat,N/A,No,Other,Add to page
They can advise you on the potential impact and recommend alternative water treatment options if necessary,SoftPro Site Claim,what-is-soft-water,N/A,No,Other,Add to page
"Dual-tank systems: These offer higher capacity and continuous softened water supply, ranging from $1,500 to $6,000 or more",SoftPro Site Claim,how-much-does-an-ion-exchange-water-softener-cost,N/A,No,Pricing/Cost,Add to page
"Portable water softeners : These are small, countertop units that are effective for single faucets or appliances, costing between $50 and $200",SoftPro Site Claim,how-much-does-an-ion-exchange-water-softener-cost,N/A,No,Pricing/Cost,Add to page
"Seriously, you’re looking at concentrations sometimes hundreds of times over the recommended limit",SoftPro Site Claim,fluoride-filter-cartridge-the-truth-about-replacement-schedu,N/A,No,Other,Add to page
"Typically, under-sink systems stretch about 2000 gallons, lasting somewhere between 6 to 12 months, based on how much water we're guzzling",SoftPro Site Claim,fluoride-filter-cartridge-the-truth-about-replacement-schedu,N/A,No,Performance Spec,Add to page
Don't forget about the handiwork expenses! Having a pro swap out a filter usually runs around $138 on average,SoftPro Site Claim,fluoride-filter-cartridge-the-truth-about-replacement-schedu,N/A,No,Pricing/Cost,Add to page
Follow your manufacturer's recommendations on cleaning frequency,SoftPro Site Claim,why-is-my-water-softener-overflowing,N/A,No,Maintenance,Add to page
Schedule Professional Maintenance: Some manufacturers recommend a professional tune-up every few years,SoftPro Site Claim,why-is-my-water-softener-overflowing,N/A,No,Other,Add to page
Look for certified models that meet industry standards for performance and reliability,SoftPro Site Claim,vs-aquasure,N/A,No,SoftPro Advantage,Add to page
"✓ SoftPro: Offers a range of capacities, from 24,000 to 60,000 grains, catering to diverse needs",SoftPro Site Claim,vs-aquasure,N/A,No,Performance Spec,Add to page
"✓ SoftPro: Boasts impressive flow rates, ranging from 12 to 15 gallons per minute, ideal for larger homes or high water usage",SoftPro Site Claim,vs-aquasure,N/A,No,Performance Spec,Add to page
The Numbers Speak for Themselves: The Water Quality Association (WQA) estimates that 85% of American homes have hard water to some degree,SoftPro Site Claim,ion-exchange-water-softener,N/A,No,Hard Water Statistic,Add to page
economy an estimated $6 billion annually in appliance repairs and replacements,SoftPro Site Claim,ion-exchange-water-softener,N/A,No,Pricing/Cost,Add to page
"Additionally, features like automatic regeneration and digital controls offer enhanced convenience and efficiency",SoftPro Site Claim,ion-exchange-water-softener,N/A,No,Other,Add to page
Additional Features: Automatic Regeneration: Eliminates the need for manual salt refills and ensures consistent performance,SoftPro Site Claim,ion-exchange-water-softener,N/A,No,Maintenance,Add to page
"Digital Controls: Offer user-friendly interfaces for monitoring salt levels, setting regeneration schedules, and tracking water usage",SoftPro Site Claim,ion-exchange-water-softener,N/A,No,Maintenance,Add to page
"Advanced Technologies: Some models feature bypass valves, leak detection systems, and even Wi-Fi connectivity for remote monitoring and control",SoftPro Site Claim,ion-exchange-water-softener,N/A,No,SoftPro Advantage,Add to page
Studies by the Water Quality Association (WQA) show a 50% reduction in soap and detergent usage with softened water,SoftPro Site Claim,ion-exchange-water-softener,N/A,No,Hard Water Statistic,Add to page
A survey by the American Society of Sanitary Engineers found that 95% of homeowners who switched to softened water were satisfied with the results,SoftPro Site Claim,ion-exchange-water-softener,N/A,No,Hard Water Statistic,Add to page
They can analyze your specific water conditions and recommend the optimal softener type and capacity for your needs,SoftPro Site Claim,ion-exchange-water-softener,N/A,No,Performance Spec,Add to page
Regeneration Monitoring: Most modern softeners offer automatic regeneration based on pre-programmed settings or water usage,SoftPro Site Claim,ion-exchange-water-softener,N/A,No,Other,Add to page
Consult the manufacturer's manual for recommended cleaning intervals and procedures,SoftPro Site Claim,ion-exchange-water-softener,N/A,No,Maintenance,Add to page
"Bypass Valve Failure: If the bypass valve malfunctions, it may prevent you from isolating the softener or create leaks",SoftPro Site Claim,water-softener-loops-benefits-installation-and-troubleshooti,N/A,No,SoftPro Advantage,Add to page
"According to sources , RO systems can squash 85-92% of fluoride and tell other baddies like arsenic and chlorine to scram",SoftPro Site Claim,ro-filter-fluoride-why-its-dominating-the-filtration-industr,N/A,No,Hard Water Statistic,Add to page
Contaminant Removal Rates RO systems typically remove 90-99% of common contaminants,SoftPro Site Claim,what-contaminants-does-a-reverse-osmosis-system-remove,N/A,No,Hard Water Statistic,Add to page
"For example, a well-maintained RO system can remove up to 98% of arsenic and 95% of lead from drinking water",SoftPro Site Claim,what-contaminants-does-a-reverse-osmosis-system-remove,N/A,No,Hard Water Statistic,Add to page
"For complete protection against microbial contamination, it's recommended to use a pre-filter or a UV disinfection system along with RO",SoftPro Site Claim,what-contaminants-does-a-reverse-osmosis-system-remove,N/A,No,Other,Add to page
Filter Replacement Filters should be replaced regularly to ensure optimal performance,SoftPro Site Claim,what-contaminants-does-a-reverse-osmosis-system-remove,N/A,No,Maintenance,Add to page
The recommended replacement schedule will vary depending on factors like water usage and the quality of your incoming water,SoftPro Site Claim,what-contaminants-does-a-reverse-osmosis-system-remove,N/A,No,Maintenance,Add to page
"Studies show they can zap away about 90% to 99% of certain baddies, think chlorine, those pesky pesticides, and weird sulfur smells",SoftPro Site Claim,carbon-filter-fluoride-removal-the-complete-science-based-gu,N/A,No,Hard Water Statistic,Add to page
"Now, for it to work like a charm, it's gotta be a big bed and take things slow—imagine a laid-back stream at about 1/4 gallon a minute",SoftPro Site Claim,carbon-filter-fluoride-removal-the-complete-science-based-gu,N/A,No,Other,Add to page
"The Clearly Filtered pitcher, for one, doesn’t fool around, tossing out over 99% of the fluoride",SoftPro Site Claim,fluoride-filtration-system-why-90-percent-of-homeowners-get-,N/A,No,Hard Water Statistic,Add to page
Independent Lab Testing Various independent tests give us a peek into how good these filters actually are,SoftPro Site Claim,fluoride-filtration-system-why-90-percent-of-homeowners-get-,N/A,No,Other,Add to page
"The Epic Pure water filter is like the diligent student of the class, boasting a standout performance by chucking out over 91% of fluoride",SoftPro Site Claim,fluoride-filtration-system-why-90-percent-of-homeowners-get-,N/A,No,Hard Water Statistic,Add to page
"Clearly Filtered : Your go-to for getting rid of over 99% of fluoride, with the extra perk of tackling other nasties too",SoftPro Site Claim,fluoride-filtration-system-why-90-percent-of-homeowners-get-,N/A,No,Hard Water Statistic,Add to page
Age Group Typical Daily Fluoride Intake (mg) Little Ones (0-5 years) 0,SoftPro Site Claim,fluoride-filtration-system-why-90-percent-of-homeowners-get-,N/A,No,Other,Add to page
25 Younger Kids (6-12 years) 0,SoftPro Site Claim,fluoride-filtration-system-why-90-percent-of-homeowners-get-,N/A,No,Other,Add to page
Who wants to drink something that looks like it should belong in a mechanic’s toolbox? The experience doesn't stop there,SoftPro Site Claim,iron-filter-systems-exposed-what-you-must-know-before-buying,N/A,No,Other,Add to page
"A cool cat like the SoftPro Iron Master AIO can knock out up to 30 ppm of iron, which is pretty hardcore",SoftPro Site Claim,iron-filter-systems-exposed-what-you-must-know-before-buying,N/A,No,Performance Spec,Add to page
UV Lamp 12 months Yearly change is key for keeping it effective,SoftPro Site Claim,iron-filter-systems-exposed-what-you-must-know-before-buying,N/A,No,Other,Add to page
ROI calculation: cost savings from appliance longevity vs softener cost,White Space (Missing),N/A - Nobody covers this,N/A,No,Missing Topic,Create original content
Environmental impact of salt discharge on local waterways,White Space (Missing),N/A - Nobody covers this,N/A,No,Missing Topic,Create original content
Effect on septic systems,White Space (Missing),N/A - Nobody covers this,N/A,No,Missing Topic,Create original content
Impact on water pH and drinking water taste,White Space (Missing),N/A - Nobody covers this,N/A,No,Missing Topic,Create original content
Real-world installation time estimates (DIY vs professional),White Space (Missing),N/A - Nobody covers this,N/A,No,Missing Topic,Create original content
Warranty claim rates and reliability data across brands,White Space (Missing),N/A - Nobody covers this,N/A,No,Missing Topic,Create original content
Comparison of salt consumption efficiency across models (grains/lb of salt),White Space (Missing),N/A - Nobody covers this,N/A,No,Missing Topic,Create original content
Effect on water pressure,White Space (Missing),N/A - Nobody covers this,N/A,No,Missing Topic,Create original content
Energy consumption comparison,White Space (Missing),N/A - Nobody covers this,N/A,No,Missing Topic,Create original content
Compatibility with different water sources (well vs city),White Space (Missing),N/A - Nobody covers this,N/A,No,Missing Topic,Create original content
Customer service response time comparison,White Space (Missing),N/A - Nobody covers this,N/A,No,Missing Topic,Create original content
Long-term ownership costs beyond initial purchase,White Space (Missing),N/A - Nobody covers this,N/A,No,Missing Topic,Create original content
FAQ: How much does a water softener cost in 2026?,AI-Generated FAQ,Generated from IG analysis,N/A,No,FAQ,"Add to page: A quality water softener ranges from $300 to $3,000. High-efficiency systems run $1,200-$2,000. Inst..."
FAQ: What is the ROI of a water softener?,AI-Generated FAQ,Generated from IG analysis,N/A,No,FAQ,Add to page: Pays for itself in 2-4 years. Hard water shortens appliance lifespans by 30-50%. Softened water redu...
FAQ: How much salt does a water softener use per month?,AI-Generated FAQ,Generated from IG analysis,N/A,No,FAQ,Add to page: 20-40 lbs/month for a family of four. High-efficiency systems use up to 46% less salt (10-20 lbs). R...
FAQ: How long do water softeners last?,AI-Generated FAQ,Generated from IG analysis,N/A,No,FAQ,Add to page: 10-15 years with proper maintenance. Resin bed lasts 10-12 years. Control valves 15+ years. Iron can...
FAQ: Do water softeners affect septic systems?,AI-Generated FAQ,Generated from IG analysis,N/A,No,FAQ,Add to page: Safe for septic systems when properly configured. Brine discharge is diluted enough. High-efficiency...
FAQ: Can I install a water softener myself?,AI-Generated FAQ,Generated from IG analysis,N/A,No,FAQ,"Add to page: Many modern systems support DIY installation (2-4 hours). For older plumbing, hire a licensed plumbe..."
FAQ: What water hardness level requires a softener?,AI-Generated FAQ,Generated from IG analysis,N/A,No,FAQ,Add to page: Above 7 GPG or 120 PPM. 85% of US has hard water. Test with a kit or contact municipal water supplie...
FAQ: Is potassium chloride a good alternative to sodium salt?,AI-Generated FAQ,Generated from IG analysis,N/A,No,FAQ,"Add to page: Yes, for low-sodium diets. Costs 2-3x more ($40-$60 vs $15-$20/bag). Gentler on septic systems...."
FAQ: Do I need a pre-filter with my water softener?,AI-Generated FAQ,Generated from IG analysis,N/A,No,FAQ,"Add to page: Yes, if water contains sediment, iron, or manganese. Iron above 0.3 ppm can damage resin and reduce ..."
FAQ: What's the difference between single-tank and twin-tank?,AI-Generated FAQ,Generated from IG analysis,N/A,No,FAQ,"Add to page: Single-tank: 2-hour downtime during regeneration. Twin-tank: 24/7 soft water. For most families, sin..."
