Claim,Type,Source Domain,SERP Position,URL
Best Overall &amp; Salt-Based SpringWell SS Our Rating ★ ★ ★ ★ ★ Price: $1530,Claim,waterfilterguru.com,1,https://waterfilterguru.com/best-water-softener-reviews/
com Best Salt-Free Springwell Futuresoft Our Rating ★ ★ ★ ★ ★ Price: $1597,Claim,waterfilterguru.com,1,https://waterfilterguru.com/best-water-softener-reviews/
31+ Process: TAC Max Hardness: 81 GPG Water For: Up to 6+ People Flow Rate: 11 &#8211; 20 Regen Method: N/A View at springwellwater,Claim,waterfilterguru.com,1,https://waterfilterguru.com/best-water-softener-reviews/
5/5 4/5 Price $1530,Claim,waterfilterguru.com,1,https://waterfilterguru.com/best-water-softener-reviews/
00+ $1129+ $1597,Claim,waterfilterguru.com,1,https://waterfilterguru.com/best-water-softener-reviews/
23 $1189+ $272 $359,Claim,waterfilterguru.com,1,https://waterfilterguru.com/best-water-softener-reviews/
5% of calcium and magnesium hardness minerals in our testing,Claim,waterfilterguru.com,1,https://waterfilterguru.com/best-water-softener-reviews/
&nbsp; Price: $1530,Claim,waterfilterguru.com,1,https://waterfilterguru.com/best-water-softener-reviews/
SpringWell SS Configurations Price SS1: 1-3 Bathrooms $1530,Claim,waterfilterguru.com,1,https://waterfilterguru.com/best-water-softener-reviews/
93 SS4: 4-6 Bathrooms $1683,Claim,waterfilterguru.com,1,https://waterfilterguru.com/best-water-softener-reviews/
59 SS+: 7+ Bathrooms $2086,Claim,waterfilterguru.com,1,https://waterfilterguru.com/best-water-softener-reviews/
"34 grains per gallon, a 97",Claim,waterfilterguru.com,1,https://waterfilterguru.com/best-water-softener-reviews/
71 grains per gallon of hardness (water with 7,Claim,waterfilterguru.com,1,https://waterfilterguru.com/best-water-softener-reviews/
5 GPG of hardness is considered “hard”),Claim,waterfilterguru.com,1,https://waterfilterguru.com/best-water-softener-reviews/
"34 GPG, so the SpringWell SS had reduced 97",Claim,waterfilterguru.com,1,https://waterfilterguru.com/best-water-softener-reviews/
5% of calcium and magnesium minerals,Claim,waterfilterguru.com,1,https://waterfilterguru.com/best-water-softener-reviews/
&nbsp;&nbsp; Upgrades Price UV Water Purification System $1100,Claim,waterfilterguru.com,1,https://waterfilterguru.com/best-water-softener-reviews/
99 Reverse Osmosis Water Filter System $442,Claim,waterfilterguru.com,1,https://waterfilterguru.com/best-water-softener-reviews/
"In our testing, the system regenerated about once a week, adding around 400 gallons to our monthly water bill",Claim,waterfilterguru.com,1,https://waterfilterguru.com/best-water-softener-reviews/
It also slightly increased our electricity bill by around $10 or so per month,Claim,waterfilterguru.com,1,https://waterfilterguru.com/best-water-softener-reviews/
"&nbsp; Affordable system – Prices start at around $1,600",Claim,waterfilterguru.com,1,https://waterfilterguru.com/best-water-softener-reviews/
"Pros The SoftPro Elite is one of the most efficient water softeners we’ve tested, using up to 50% less salt than a standard salt-based water softener",Claim,waterfilterguru.com,1,https://waterfilterguru.com/best-water-softener-reviews/
"You can choose from a total of seven system sizes, from 24,000 to 110,000 grains",Claim,waterfilterguru.com,1,https://waterfilterguru.com/best-water-softener-reviews/
"The system is manufactured by the folks at Quality Water Treatment, a brand with more than 30 years’ experience",Claim,waterfilterguru.com,1,https://waterfilterguru.com/best-water-softener-reviews/
We wouldn’t recommend it for anyone who doesn’t want to commit to long-term maintenance,Claim,waterfilterguru.com,1,https://waterfilterguru.com/best-water-softener-reviews/
&nbsp; Price: $1597,Claim,waterfilterguru.com,1,https://waterfilterguru.com/best-water-softener-reviews/
"5% scale reduction, even for extremely hard water, and the lack of a brine tank and automatic backwashing meant maintenance-free operation",Claim,waterfilterguru.com,1,https://waterfilterguru.com/best-water-softener-reviews/
31 FS4: 4-6 Bathrooms $1960,Claim,waterfilterguru.com,1,https://waterfilterguru.com/best-water-softener-reviews/
43 FS+: 7+ Bathrooms $2657,Claim,waterfilterguru.com,1,https://waterfilterguru.com/best-water-softener-reviews/
99 Boil water advisory protection Whole House Water Filter System $1016,Claim,waterfilterguru.com,1,https://waterfilterguru.com/best-water-softener-reviews/
44 Whole house water contaminant reduction Reverse Osmosis Water Filter System $442,Claim,waterfilterguru.com,1,https://waterfilterguru.com/best-water-softener-reviews/
"It’s still a POE system that needs to be plumbed into your main water line, which requires some plumbing knowledge and 2-3 hours of your time",Claim,waterfilterguru.com,1,https://waterfilterguru.com/best-water-softener-reviews/
"It’s also around $500 cheaper than the SpringWell systems, while still being backed by a lifetime warranty",Claim,waterfilterguru.com,1,https://waterfilterguru.com/best-water-softener-reviews/
23 Process: TAC Max Hardness: 75 GPG Water For: Up to 6+ People Flow Rate: Up to 15 GPM Regen Method: n/a View at kindwater,Claim,waterfilterguru.com,1,https://waterfilterguru.com/best-water-softener-reviews/
"com The system comes in just a single size, with an impressive flow rate of up to 15 gallons per minute",Claim,waterfilterguru.com,1,https://waterfilterguru.com/best-water-softener-reviews/
"Why? Because this system has been consistently praised by customers for years – and it costs less than $1,500, making it an absolute steal",Claim,waterfilterguru.com,1,https://waterfilterguru.com/best-water-softener-reviews/
"There are five models to choose from, ranging from 24,000 grains to 64,000 grains",Claim,waterfilterguru.com,1,https://waterfilterguru.com/best-water-softener-reviews/
"We recommend 32,000 grains for most families of three",Claim,waterfilterguru.com,1,https://waterfilterguru.com/best-water-softener-reviews/
"Key Features Our top budget pick – With pricing starting at around $1,375, the Fleck 5600SXT is brilliant value for money",Claim,waterfilterguru.com,1,https://waterfilterguru.com/best-water-softener-reviews/
"5 cubic feet high capacity resin, 48,000 grain water softener (10X54) tank, 15x17x36 salt tank with safety float",Claim,waterfilterguru.com,1,https://waterfilterguru.com/best-water-softener-reviews/
"5 x 22 double standard model (16,000 grains)",Claim,waterfilterguru.com,1,https://waterfilterguru.com/best-water-softener-reviews/
"If you want to reduce how often you regenerate the system, we recommend the double standard model",Claim,waterfilterguru.com,1,https://waterfilterguru.com/best-water-softener-reviews/
The media lasts up to 7 years before it needs to be replaced,Claim,waterfilterguru.com,1,https://waterfilterguru.com/best-water-softener-reviews/
7% of the surface,Claim,waterfilterguru.com,1,https://waterfilterguru.com/best-water-softener-reviews/
"Cons It&nbsp;may take up to 3 months for this descaler to produce noticeable effects, depending on the hardness of your water supply",Claim,waterfilterguru.com,1,https://waterfilterguru.com/best-water-softener-reviews/
"We favored systems with 10% crosslink resin, which typically lasts up to 20 years, over systems with a less durable 8% resin",Claim,waterfilterguru.com,1,https://waterfilterguru.com/best-water-softener-reviews/
"Older, less efficient water softeners regenerate based on a timer, meaning they often regenerate before they need to, wasting salt and water",Claim,waterfilterguru.com,1,https://waterfilterguru.com/best-water-softener-reviews/
"In our research, we found that most water softeners are priced around the $1,000-$1,500 mark",Claim,waterfilterguru.com,1,https://waterfilterguru.com/best-water-softener-reviews/
"This included some form of warranty (at least 1-2 years), a fair and transparent returns policy, and helpful customer support",Claim,waterfilterguru.com,1,https://waterfilterguru.com/best-water-softener-reviews/
"Portable softeners and electronic descalers are cheaper, typically $270 to $360",Claim,waterfilterguru.com,1,https://waterfilterguru.com/best-water-softener-reviews/
"At roughly 5 to 10 grains per gallon, a 32,000-grain system is appropriate; at 21 to 30 grains per gallon, step up to a 64,000-grain system",Claim,waterfilterguru.com,1,https://waterfilterguru.com/best-water-softener-reviews/
"I&#8217;m filling my 28,000 gallon pool over the course of two days",Claim,waterfilterguru.com,1,https://waterfilterguru.com/best-water-softener-reviews/
"I&#8217;m willing to spend upwards of $1,500 to do this",Claim,waterfilterguru.com,1,https://waterfilterguru.com/best-water-softener-reviews/
Can you recommend something? Thank you,Claim,waterfilterguru.com,1,https://waterfilterguru.com/best-water-softener-reviews/
"I&#8217;d recommend a twin tank configuration, so one tank can regenerate while the other is softening",Claim,waterfilterguru.com,1,https://waterfilterguru.com/best-water-softener-reviews/
This is recommended for anyone utilizing well water,Claim,uswatersystems.com,2,https://uswatersystems.com/collections/best-whole-home-water-softeners?srsltid=AfmBOopukW1WqK1JgSn9j5eduWfszdyhmW11MFlTgRoTix20MSQFf5r8
"When your water hardness and number of people intersect, you can find the recommended softener size",Claim,uswatersystems.com,2,https://uswatersystems.com/collections/best-whole-home-water-softeners?srsltid=AfmBOopukW1WqK1JgSn9j5eduWfszdyhmW11MFlTgRoTix20MSQFf5r8
Iron and competing contaminants may change the recommended system size,Claim,uswatersystems.com,2,https://uswatersystems.com/collections/best-whole-home-water-softeners?srsltid=AfmBOopukW1WqK1JgSn9j5eduWfszdyhmW11MFlTgRoTix20MSQFf5r8
"It is measured in grains per gallon (gpg) and typically ranges from 24,000 to 80,000 grains for residential systems",Claim,uswatersystems.com,2,https://uswatersystems.com/collections/best-whole-home-water-softeners?srsltid=AfmBOopukW1WqK1JgSn9j5eduWfszdyhmW11MFlTgRoTix20MSQFf5r8
These systems work best for homes with less than 30 grains per gallon of hardness,Claim,uswatersystems.com,2,https://uswatersystems.com/collections/best-whole-home-water-softeners?srsltid=AfmBOopukW1WqK1JgSn9j5eduWfszdyhmW11MFlTgRoTix20MSQFf5r8
0 | 455 Verified Reviews | 29 Years in Business Years in Business 800-460-5810 Questions? Talk to a real expert,Claim,midatlanticwater.net,3,https://midatlanticwater.net/blogs/faqs/best-water-softener-for-well-water?srsltid=AfmBOopoDsQlzgQaajCNLMrPRIkxdLrPCpuLqM_n_VmECVufdZBJautS
"Best budget option: Fleck 5600SXT 32,000 Grain ($1,495)",Claim,midatlanticwater.net,3,https://midatlanticwater.net/blogs/faqs/best-water-softener-for-well-water?srsltid=AfmBOopoDsQlzgQaajCNLMrPRIkxdLrPCpuLqM_n_VmECVufdZBJautS
"Best for large homes (5+ bathrooms): Fleck 5600SXT 64,000 Grain ($2,195)",Claim,midatlanticwater.net,3,https://midatlanticwater.net/blogs/faqs/best-water-softener-for-well-water?srsltid=AfmBOopoDsQlzgQaajCNLMrPRIkxdLrPCpuLqM_n_VmECVufdZBJautS
"Best for 24/7 soft water: Fleck 9100SXT Twin Tank ($2,495)",Claim,midatlanticwater.net,3,https://midatlanticwater.net/blogs/faqs/best-water-softener-for-well-water?srsltid=AfmBOopoDsQlzgQaajCNLMrPRIkxdLrPCpuLqM_n_VmECVufdZBJautS
"Best smart softener: Nelsen Connected 48,000 Grain ($1,495)",Claim,midatlanticwater.net,3,https://midatlanticwater.net/blogs/faqs/best-water-softener-for-well-water?srsltid=AfmBOopoDsQlzgQaajCNLMrPRIkxdLrPCpuLqM_n_VmECVufdZBJautS
Which Water Softener Is Right for Your Home? Answer 3 quick questions and we'll recommend the best system for your situation,Claim,midatlanticwater.net,3,https://midatlanticwater.net/blogs/faqs/best-water-softener-for-well-water?srsltid=AfmBOopoDsQlzgQaajCNLMrPRIkxdLrPCpuLqM_n_VmECVufdZBJautS
3 to 7 GPG (moderately hard) 7 to 15 GPG (hard) Over 15 GPG (very hard) I don't know yet 2,Claim,midatlanticwater.net,3,https://midatlanticwater.net/blogs/faqs/best-water-softener-for-well-water?srsltid=AfmBOopoDsQlzgQaajCNLMrPRIkxdLrPCpuLqM_n_VmECVufdZBJautS
A basic water test costs $50 to $150 from a local lab,Claim,midatlanticwater.net,3,https://midatlanticwater.net/blogs/faqs/best-water-softener-for-well-water?srsltid=AfmBOopoDsQlzgQaajCNLMrPRIkxdLrPCpuLqM_n_VmECVufdZBJautS
The 5600SXT valve has been the industry standard for over 20 years because it works,Claim,midatlanticwater.net,3,https://midatlanticwater.net/blogs/faqs/best-water-softener-for-well-water?srsltid=AfmBOopoDsQlzgQaajCNLMrPRIkxdLrPCpuLqM_n_VmECVufdZBJautS
It holds up better against chlorine (if you have city water) and resists iron fouling (if you have trace iron under 2 ppm),Claim,midatlanticwater.net,3,https://midatlanticwater.net/blogs/faqs/best-water-softener-for-well-water?srsltid=AfmBOopoDsQlzgQaajCNLMrPRIkxdLrPCpuLqM_n_VmECVufdZBJautS
"On a 48,000 grain system with typical household usage, you're looking at regeneration roughly once every 7 to 10 days",Claim,midatlanticwater.net,3,https://midatlanticwater.net/blogs/faqs/best-water-softener-for-well-water?srsltid=AfmBOopoDsQlzgQaajCNLMrPRIkxdLrPCpuLqM_n_VmECVufdZBJautS
"All systems include free shipping, pre-loaded resin, and a pre-installed bypass valve",Claim,midatlanticwater.net,3,https://midatlanticwater.net/blogs/faqs/best-water-softener-for-well-water?srsltid=AfmBOopoDsQlzgQaajCNLMrPRIkxdLrPCpuLqM_n_VmECVufdZBJautS
10 to 15 GPG (hard): Significant scale in pipes and water heaters,Claim,midatlanticwater.net,3,https://midatlanticwater.net/blogs/faqs/best-water-softener-for-well-water?srsltid=AfmBOopoDsQlzgQaajCNLMrPRIkxdLrPCpuLqM_n_VmECVufdZBJautS
"The neutralizer raises pH using calcite (crushed limestone), but this also increases hardness by 4 to 6 GPG",Claim,midatlanticwater.net,3,https://midatlanticwater.net/blogs/faqs/best-water-softener-for-well-water?srsltid=AfmBOopoDsQlzgQaajCNLMrPRIkxdLrPCpuLqM_n_VmECVufdZBJautS
"For 90% of homes, a single-tank is all you need",Claim,midatlanticwater.net,3,https://midatlanticwater.net/blogs/faqs/best-water-softener-for-well-water?srsltid=AfmBOopoDsQlzgQaajCNLMrPRIkxdLrPCpuLqM_n_VmECVufdZBJautS
"You always have soft water, 24 hours a day",Claim,midatlanticwater.net,3,https://midatlanticwater.net/blogs/faqs/best-water-softener-for-well-water?srsltid=AfmBOopoDsQlzgQaajCNLMrPRIkxdLrPCpuLqM_n_VmECVufdZBJautS
Save the extra $600+ for something else,Claim,midatlanticwater.net,3,https://midatlanticwater.net/blogs/faqs/best-water-softener-for-well-water?srsltid=AfmBOopoDsQlzgQaajCNLMrPRIkxdLrPCpuLqM_n_VmECVufdZBJautS
"5 Cubic Foot Salt-Free Conditioner ($2,895) for customers who specifically want zero salt and zero drain water",Claim,midatlanticwater.net,3,https://midatlanticwater.net/blogs/faqs/best-water-softener-for-well-water?srsltid=AfmBOopoDsQlzgQaajCNLMrPRIkxdLrPCpuLqM_n_VmECVufdZBJautS
"How to Size a Water Softener for Your Home Buying a softener that's too small means it regenerates constantly, wasting salt and water",Claim,midatlanticwater.net,3,https://midatlanticwater.net/blogs/faqs/best-water-softener-for-well-water?srsltid=AfmBOopoDsQlzgQaajCNLMrPRIkxdLrPCpuLqM_n_VmECVufdZBJautS
That's why the 48k is our default recommendation for 3 to 4 bathroom homes,Claim,midatlanticwater.net,3,https://midatlanticwater.net/blogs/faqs/best-water-softener-for-well-water?srsltid=AfmBOopoDsQlzgQaajCNLMrPRIkxdLrPCpuLqM_n_VmECVufdZBJautS
Here are the four things that separate a quality system from a box-store unit you'll replace in 5 years,Claim,midatlanticwater.net,3,https://midatlanticwater.net/blogs/faqs/best-water-softener-for-well-water?srsltid=AfmBOopoDsQlzgQaajCNLMrPRIkxdLrPCpuLqM_n_VmECVufdZBJautS
The Fleck 5600SXT has been the most widely used residential softener valve in the industry for over 20 years,Claim,midatlanticwater.net,3,https://midatlanticwater.net/blogs/faqs/best-water-softener-for-well-water?srsltid=AfmBOopoDsQlzgQaajCNLMrPRIkxdLrPCpuLqM_n_VmECVufdZBJautS
Expected lifespan of 10 to 15 years with proper maintenance,Claim,midatlanticwater.net,3,https://midatlanticwater.net/blogs/faqs/best-water-softener-for-well-water?srsltid=AfmBOopoDsQlzgQaajCNLMrPRIkxdLrPCpuLqM_n_VmECVufdZBJautS
"Resin replacement costs $295 per cubic foot , so extending its lifespan by even a few years pays for itself",Claim,midatlanticwater.net,3,https://midatlanticwater.net/blogs/faqs/best-water-softener-for-well-water?srsltid=AfmBOopoDsQlzgQaajCNLMrPRIkxdLrPCpuLqM_n_VmECVufdZBJautS
"Bypass Valve A bypass valve lets you route water around the softener for maintenance, repairs, or outdoor watering",Claim,midatlanticwater.net,3,https://midatlanticwater.net/blogs/faqs/best-water-softener-for-well-water?srsltid=AfmBOopoDsQlzgQaajCNLMrPRIkxdLrPCpuLqM_n_VmECVufdZBJautS
"If you have iron above 2 ppm, you need this",Claim,midatlanticwater.net,3,https://midatlanticwater.net/blogs/faqs/best-water-softener-for-well-water?srsltid=AfmBOopoDsQlzgQaajCNLMrPRIkxdLrPCpuLqM_n_VmECVufdZBJautS
"Here's what each type of softener actually costs over 10 years, including salt, maintenance, and replacement parts",Claim,midatlanticwater.net,3,https://midatlanticwater.net/blogs/faqs/best-water-softener-for-well-water?srsltid=AfmBOopoDsQlzgQaajCNLMrPRIkxdLrPCpuLqM_n_VmECVufdZBJautS
") $3,000 to $6,000 $75 to $200/yr + service calls $3,750 to $8,000 The math is straightforward",Claim,midatlanticwater.net,3,https://midatlanticwater.net/blogs/faqs/best-water-softener-for-well-water?srsltid=AfmBOopoDsQlzgQaajCNLMrPRIkxdLrPCpuLqM_n_VmECVufdZBJautS
"The 10% crosslink resin extends the lifespan beyond standard resin, and the electronic demand valve uses 30 to 50% less salt than timer-based systems",Claim,midatlanticwater.net,3,https://midatlanticwater.net/blogs/faqs/best-water-softener-for-well-water?srsltid=AfmBOopoDsQlzgQaajCNLMrPRIkxdLrPCpuLqM_n_VmECVufdZBJautS
"Over 10 years, it's the most economical option that delivers professional-grade results",Claim,midatlanticwater.net,3,https://midatlanticwater.net/blogs/faqs/best-water-softener-for-well-water?srsltid=AfmBOopoDsQlzgQaajCNLMrPRIkxdLrPCpuLqM_n_VmECVufdZBJautS
"Pellet salt from Walmart, Lowe's, or Home Depot typically runs $6 to $8 per 40-pound bag",Claim,midatlanticwater.net,3,https://midatlanticwater.net/blogs/faqs/best-water-softener-for-well-water?srsltid=AfmBOopoDsQlzgQaajCNLMrPRIkxdLrPCpuLqM_n_VmECVufdZBJautS
"The resin was already placed in the softener tank, and the bypass valve was already installed on the control valve",Claim,midatlanticwater.net,3,https://midatlanticwater.net/blogs/faqs/best-water-softener-for-well-water?srsltid=AfmBOopoDsQlzgQaajCNLMrPRIkxdLrPCpuLqM_n_VmECVufdZBJautS
"The resin comes pre-loaded, the bypass valve is pre-installed, and the plumbing connections are straightforward",Claim,midatlanticwater.net,3,https://midatlanticwater.net/blogs/faqs/best-water-softener-for-well-water?srsltid=AfmBOopoDsQlzgQaajCNLMrPRIkxdLrPCpuLqM_n_VmECVufdZBJautS
"Our most popular system, the Fleck 5600SXT 48,000 Grain , is $1,895 with free shipping and includes 10% crosslink resin",Claim,midatlanticwater.net,3,https://midatlanticwater.net/blogs/faqs/best-water-softener-for-well-water?srsltid=AfmBOopoDsQlzgQaajCNLMrPRIkxdLrPCpuLqM_n_VmECVufdZBJautS
The system arrives with resin pre-loaded in the tank and the bypass valve already installed,Claim,midatlanticwater.net,3,https://midatlanticwater.net/blogs/faqs/best-water-softener-for-well-water?srsltid=AfmBOopoDsQlzgQaajCNLMrPRIkxdLrPCpuLqM_n_VmECVufdZBJautS
Typical install time is 1 to 2 hours,Claim,midatlanticwater.net,3,https://midatlanticwater.net/blogs/faqs/best-water-softener-for-well-water?srsltid=AfmBOopoDsQlzgQaajCNLMrPRIkxdLrPCpuLqM_n_VmECVufdZBJautS
"For a typical family of 4 with a 48,000 grain system, that's roughly once every 7 to 10 days",Claim,midatlanticwater.net,3,https://midatlanticwater.net/blogs/faqs/best-water-softener-for-well-water?srsltid=AfmBOopoDsQlzgQaajCNLMrPRIkxdLrPCpuLqM_n_VmECVufdZBJautS
"At $6 to $8 per 40-pound bag from Walmart or Home Depot, that's roughly $6 to $16 per month",Claim,midatlanticwater.net,3,https://midatlanticwater.net/blogs/faqs/best-water-softener-for-well-water?srsltid=AfmBOopoDsQlzgQaajCNLMrPRIkxdLrPCpuLqM_n_VmECVufdZBJautS
"Does a water softener remove iron? A water softener can handle very small amounts of dissolved (ferrous) iron, typically under 2 ppm",Claim,midatlanticwater.net,3,https://midatlanticwater.net/blogs/faqs/best-water-softener-for-well-water?srsltid=AfmBOopoDsQlzgQaajCNLMrPRIkxdLrPCpuLqM_n_VmECVufdZBJautS
"For iron above 2 ppm, you need a dedicated iron filter installed before the softener",Claim,midatlanticwater.net,3,https://midatlanticwater.net/blogs/faqs/best-water-softener-for-well-water?srsltid=AfmBOopoDsQlzgQaajCNLMrPRIkxdLrPCpuLqM_n_VmECVufdZBJautS
"The neutralizer also increases hardness by 4 to 6 GPG, so factor that into your softener sizing",Claim,midatlanticwater.net,3,https://midatlanticwater.net/blogs/faqs/best-water-softener-for-well-water?srsltid=AfmBOopoDsQlzgQaajCNLMrPRIkxdLrPCpuLqM_n_VmECVufdZBJautS
"The resin typically needs replacement every 10 to 15 years (8% crosslink) or 12 to 18 years (10% crosslink), depending on water chemistry and usage",Claim,midatlanticwater.net,3,https://midatlanticwater.net/blogs/faqs/best-water-softener-for-well-water?srsltid=AfmBOopoDsQlzgQaajCNLMrPRIkxdLrPCpuLqM_n_VmECVufdZBJautS
Replacement resin costs $295 per cubic foot,Claim,midatlanticwater.net,3,https://midatlanticwater.net/blogs/faqs/best-water-softener-for-well-water?srsltid=AfmBOopoDsQlzgQaajCNLMrPRIkxdLrPCpuLqM_n_VmECVufdZBJautS
"Every recommendation in this article is based on field results from thousands of installations, not theory or affiliate commissions",Claim,midatlanticwater.net,3,https://midatlanticwater.net/blogs/faqs/best-water-softener-for-well-water?srsltid=AfmBOopoDsQlzgQaajCNLMrPRIkxdLrPCpuLqM_n_VmECVufdZBJautS
"04 Hundreds in Savings You can save over $500 per year on soap, detergent and energy with soft vs",Claim,www.culligan.com,8,https://www.culligan.com/product-category/water-softeners
Schedule Free Consultation Choose from three affordable ways to pay,Claim,www.culligan.com,8,https://www.culligan.com/product-category/water-softeners
* Expert service and maintenance included Schedule a free consultation *Dealer participation may vary,Claim,www.culligan.com,8,https://www.culligan.com/product-category/water-softeners
Then we’ll recommend the right size and model for your home,Claim,www.culligan.com,8,https://www.culligan.com/product-category/water-softeners
The average installation takes about 2-4 hours,Claim,www.culligan.com,8,https://www.culligan.com/product-category/water-softeners
"Schedule a free, in-home consultation today to get custom recommendations based on your home’s needs",Claim,www.culligan.com,8,https://www.culligan.com/product-category/water-softeners
"In fact, 23% less energy is needed to run a typical gas water heater in the U",Claim,www.culligan.com,8,https://www.culligan.com/product-category/water-softeners
"with soft water, meaning you’ll save an average of $115",Claim,www.culligan.com,8,https://www.culligan.com/product-category/water-softeners
"***When switching from hard to soft water, based on average household usage of soaps, detergents and energy over a usage period of 10 years or more",Claim,www.culligan.com,8,https://www.culligan.com/product-category/water-softeners
"00 (1860 Reviews) SoftPro Elite HE Water Softener for City Water (Best Seller & Lifetime Warranty) $1,327",Claim,qualitywatertreatment.com,9,https://qualitywatertreatment.com/pages/performance-breakdown-water-softener-brands?srsltid=AfmBOoowKd-MF6dv3QoaM315_yTlSTyAAaToP50mHX38TjIOtLlYGMRr
00 (587 Reviews) SoftPro® Elite Water Softener for Well Water (Best Seller & Lifetime Warranty) $967,Claim,qualitywatertreatment.com,9,https://qualitywatertreatment.com/pages/performance-breakdown-water-softener-brands?srsltid=AfmBOoowKd-MF6dv3QoaM315_yTlSTyAAaToP50mHX38TjIOtLlYGMRr
5% hardness removal while using 50% less salt than competitors,Claim,qualitywatertreatment.com,9,https://qualitywatertreatment.com/pages/performance-breakdown-water-softener-brands?srsltid=AfmBOoowKd-MF6dv3QoaM315_yTlSTyAAaToP50mHX38TjIOtLlYGMRr
"We've found premium softeners can save homeowners up to $3,000 by extending appliance lifespans",Claim,qualitywatertreatment.com,9,https://qualitywatertreatment.com/pages/performance-breakdown-water-softener-brands?srsltid=AfmBOoowKd-MF6dv3QoaM315_yTlSTyAAaToP50mHX38TjIOtLlYGMRr
5% hardness removal efficiency and 50% less salt usage than competitors,Claim,qualitywatertreatment.com,9,https://qualitywatertreatment.com/pages/performance-breakdown-water-softener-brands?srsltid=AfmBOoowKd-MF6dv3QoaM315_yTlSTyAAaToP50mHX38TjIOtLlYGMRr
"Kinetico earns top ratings for its non-electric operation and impressive 5,423 grains removal per pound of salt",Claim,qualitywatertreatment.com,9,https://qualitywatertreatment.com/pages/performance-breakdown-water-softener-brands?srsltid=AfmBOoowKd-MF6dv3QoaM315_yTlSTyAAaToP50mHX38TjIOtLlYGMRr
DROP systems stand out for their app-based monitoring capabilities and high 100 GPG capacity,Claim,qualitywatertreatment.com,9,https://qualitywatertreatment.com/pages/performance-breakdown-water-softener-brands?srsltid=AfmBOoowKd-MF6dv3QoaM315_yTlSTyAAaToP50mHX38TjIOtLlYGMRr
5% of hardness while using half the salt of competitors—translating to substantial savings over time,Claim,qualitywatertreatment.com,9,https://qualitywatertreatment.com/pages/performance-breakdown-water-softener-brands?srsltid=AfmBOoowKd-MF6dv3QoaM315_yTlSTyAAaToP50mHX38TjIOtLlYGMRr
"When we evaluate long-term value, it's clear that quality softeners can save homeowners up to $3,000 through extended appliance lifespans",Claim,qualitywatertreatment.com,9,https://qualitywatertreatment.com/pages/performance-breakdown-water-softener-brands?srsltid=AfmBOoowKd-MF6dv3QoaM315_yTlSTyAAaToP50mHX38TjIOtLlYGMRr
5% hardness removal while using 50% less salt than competitors—a true efficiency champion,Claim,qualitywatertreatment.com,9,https://qualitywatertreatment.com/pages/performance-breakdown-water-softener-brands?srsltid=AfmBOoowKd-MF6dv3QoaM315_yTlSTyAAaToP50mHX38TjIOtLlYGMRr
DROP brings water softening into the smart home era with app-based monitoring and impressive 100 GPG capacity,Claim,qualitywatertreatment.com,9,https://qualitywatertreatment.com/pages/performance-breakdown-water-softener-brands?srsltid=AfmBOoowKd-MF6dv3QoaM315_yTlSTyAAaToP50mHX38TjIOtLlYGMRr
"Kinetico's non-electric, dual-tank designs achieve remarkable efficiency with 5,423 grains of hardness removal per pound of salt",Claim,qualitywatertreatment.com,9,https://qualitywatertreatment.com/pages/performance-breakdown-water-softener-brands?srsltid=AfmBOoowKd-MF6dv3QoaM315_yTlSTyAAaToP50mHX38TjIOtLlYGMRr
"Energy-efficient models can save homeowners up to $1,550 annually through reduced plumbing repairs and 20% lower water heating costs",Claim,qualitywatertreatment.com,9,https://qualitywatertreatment.com/pages/performance-breakdown-water-softener-brands?srsltid=AfmBOoowKd-MF6dv3QoaM315_yTlSTyAAaToP50mHX38TjIOtLlYGMRr
5% hardness removal while using 50% less salt than competitors—truly exceptional efficiency for your home,Claim,qualitywatertreatment.com,9,https://qualitywatertreatment.com/pages/performance-breakdown-water-softener-brands?srsltid=AfmBOoowKd-MF6dv3QoaM315_yTlSTyAAaToP50mHX38TjIOtLlYGMRr
"5% of hardness while using 50% less salt than competitors, saving you thousands long-term",Claim,qualitywatertreatment.com,9,https://qualitywatertreatment.com/pages/performance-breakdown-water-softener-brands?srsltid=AfmBOoowKd-MF6dv3QoaM315_yTlSTyAAaToP50mHX38TjIOtLlYGMRr
5% hardness removal and 50% less salt usage,Claim,qualitywatertreatment.com,9,https://qualitywatertreatment.com/pages/performance-breakdown-water-softener-brands?srsltid=AfmBOoowKd-MF6dv3QoaM315_yTlSTyAAaToP50mHX38TjIOtLlYGMRr
"With over 30 years of experience, he&#39;s transformed the water treatment industry through honest solutions and innovative technology",Claim,qualitywatertreatment.com,9,https://qualitywatertreatment.com/pages/performance-breakdown-water-softener-brands?srsltid=AfmBOoowKd-MF6dv3QoaM315_yTlSTyAAaToP50mHX38TjIOtLlYGMRr
&ldquo; I just wanted to say thank you for your excellent products and service over the past 12 years,Claim,qualitywatertreatment.com,9,https://qualitywatertreatment.com/pages/performance-breakdown-water-softener-brands?srsltid=AfmBOoowKd-MF6dv3QoaM315_yTlSTyAAaToP50mHX38TjIOtLlYGMRr
Soft: Less than 1 gpg (17,Claim,www.weilhammerplumbing.com,10,https://www.weilhammerplumbing.com/blog/best-water-softener-brands-for-your-home/
1 ppm) Slightly Hard: 1 to 3,Claim,www.weilhammerplumbing.com,10,https://www.weilhammerplumbing.com/blog/best-water-softener-brands-for-your-home/
1 to 60 ppm) Moderately Hard: 3,Claim,www.weilhammerplumbing.com,10,https://www.weilhammerplumbing.com/blog/best-water-softener-brands-for-your-home/
5 to 7 gpg (61 to 120 ppm) Hard: 7 to 10,Claim,www.weilhammerplumbing.com,10,https://www.weilhammerplumbing.com/blog/best-water-softener-brands-for-your-home/
5 gpg (121 to 180 ppm) Very Hard: More than 10,Claim,www.weilhammerplumbing.com,10,https://www.weilhammerplumbing.com/blog/best-water-softener-brands-for-your-home/
5 gpg (180+ ppm) 2,Claim,www.weilhammerplumbing.com,10,https://www.weilhammerplumbing.com/blog/best-water-softener-brands-for-your-home/
"Pricing: $800 &#8211; $1,500 (unit only)",Claim,www.weilhammerplumbing.com,10,https://www.weilhammerplumbing.com/blog/best-water-softener-brands-for-your-home/
Cons: Higher price point and can be locked into proprietary service and parts,Claim,www.weilhammerplumbing.com,10,https://www.weilhammerplumbing.com/blog/best-water-softener-brands-for-your-home/
"Pricing: $1,000 &#8211; $2,500 (includes installation and service)",Claim,www.weilhammerplumbing.com,10,https://www.weilhammerplumbing.com/blog/best-water-softener-brands-for-your-home/
Unique Selling Point: GE combines affordability with smart technology,Claim,www.weilhammerplumbing.com,10,https://www.weilhammerplumbing.com/blog/best-water-softener-brands-for-your-home/
"Pricing: $600 &#8211; $1,200",Claim,www.weilhammerplumbing.com,10,https://www.weilhammerplumbing.com/blog/best-water-softener-brands-for-your-home/
"Pricing: $500 &#8211; $1,000",Claim,www.weilhammerplumbing.com,10,https://www.weilhammerplumbing.com/blog/best-water-softener-brands-for-your-home/
"Pricing: $900 &#8211; $1,800",Claim,www.weilhammerplumbing.com,10,https://www.weilhammerplumbing.com/blog/best-water-softener-brands-for-your-home/
Clean the brine tank annually to prevent salt bridges and buildup,Claim,www.weilhammerplumbing.com,10,https://www.weilhammerplumbing.com/blog/best-water-softener-brands-for-your-home/
A professional can perform a calculation to recommend the ideal grain capacity for your household,Claim,www.weilhammerplumbing.com,10,https://www.weilhammerplumbing.com/blog/best-water-softener-brands-for-your-home/
"What is the lifespan of a water softener? A quality water softener can last 10 to 15 years, or even longer with proper maintenance",Claim,www.weilhammerplumbing.com,10,https://www.weilhammerplumbing.com/blog/best-water-softener-brands-for-your-home/
"8,000+ reviews SoftPro™ Elite Smart HE - Best Water Softener for City Water $1,367",Claim,www.softprowatersystems.com,13,https://www.softprowatersystems.com/pages/top-rated-water-softeners-comparison-tested?srsltid=AfmBOooA0YSr5QIWq7F4ktxJfEmmMTuWS6WMJipTpyHLNYDnE9LLCYLy
"00 8,000+ reviews SoftPro ECO™ City Water Softener - Best Water Softener Systems for City Water $967",Claim,www.softprowatersystems.com,13,https://www.softprowatersystems.com/pages/top-rated-water-softeners-comparison-tested?srsltid=AfmBOooA0YSr5QIWq7F4ktxJfEmmMTuWS6WMJipTpyHLNYDnE9LLCYLy
"00 8,000+ reviews SoftPro™ Elite Smart HE - The Best Water Softener for Well Water $1,327",Claim,www.softprowatersystems.com,13,https://www.softprowatersystems.com/pages/top-rated-water-softeners-comparison-tested?srsltid=AfmBOooA0YSr5QIWq7F4ktxJfEmmMTuWS6WMJipTpyHLNYDnE9LLCYLy
"00 8,000+ reviews SoftPro ECO™ Well Water Softener (Top Seller & Lifetime Warranty) $947",Claim,www.softprowatersystems.com,13,https://www.softprowatersystems.com/pages/top-rated-water-softeners-comparison-tested?srsltid=AfmBOooA0YSr5QIWq7F4ktxJfEmmMTuWS6WMJipTpyHLNYDnE9LLCYLy
"00 8,000+ reviews SoftPro™ Fluoride & Chlorine+ SUPER Filter (Whole House Catalytic + Bone Char Carbon Filter) $1,267",Claim,www.softprowatersystems.com,13,https://www.softprowatersystems.com/pages/top-rated-water-softeners-comparison-tested?srsltid=AfmBOooA0YSr5QIWq7F4ktxJfEmmMTuWS6WMJipTpyHLNYDnE9LLCYLy
"00 8,000+ reviews SoftPro™ AIO Iron Master - Best Iron Filter for Well Water (Air Injected Water Filter / Katalox) $1,517",Claim,www.softprowatersystems.com,13,https://www.softprowatersystems.com/pages/top-rated-water-softeners-comparison-tested?srsltid=AfmBOooA0YSr5QIWq7F4ktxJfEmmMTuWS6WMJipTpyHLNYDnE9LLCYLy
"00 8,000+ reviews SoftPro™ Catalytic Whole House Carbon Filter for Well Water (Best Seller + Lifetime Warranty) $1,310",Claim,www.softprowatersystems.com,13,https://www.softprowatersystems.com/pages/top-rated-water-softeners-comparison-tested?srsltid=AfmBOooA0YSr5QIWq7F4ktxJfEmmMTuWS6WMJipTpyHLNYDnE9LLCYLy
"5% hardness reduction, with durable 10% crosslink resin, Bluetooth app control, and a lifetime warranty",Claim,www.softprowatersystems.com,13,https://www.softprowatersystems.com/pages/top-rated-water-softeners-comparison-tested?srsltid=AfmBOooA0YSr5QIWq7F4ktxJfEmmMTuWS6WMJipTpyHLNYDnE9LLCYLy
SoftPro Elite requires 50% less salt while maintaining excellent flow rates up to 15 GPM,Claim,www.softprowatersystems.com,13,https://www.softprowatersystems.com/pages/top-rated-water-softeners-comparison-tested?srsltid=AfmBOooA0YSr5QIWq7F4ktxJfEmmMTuWS6WMJipTpyHLNYDnE9LLCYLy
"SpringWell SS removes 97% of water hardness with its 80,000-grain capacity system",Claim,www.softprowatersystems.com,13,https://www.softprowatersystems.com/pages/top-rated-water-softeners-comparison-tested?srsltid=AfmBOooA0YSr5QIWq7F4ktxJfEmmMTuWS6WMJipTpyHLNYDnE9LLCYLy
5% of scale without removing beneficial minerals,Claim,www.softprowatersystems.com,13,https://www.softprowatersystems.com/pages/top-rated-water-softeners-comparison-tested?srsltid=AfmBOooA0YSr5QIWq7F4ktxJfEmmMTuWS6WMJipTpyHLNYDnE9LLCYLy
Smart systems like DROP and Matrixx reduce salt usage by 77% through app-controlled monitoring,Claim,www.softprowatersystems.com,13,https://www.softprowatersystems.com/pages/top-rated-water-softeners-comparison-tested?srsltid=AfmBOooA0YSr5QIWq7F4ktxJfEmmMTuWS6WMJipTpyHLNYDnE9LLCYLy
"Fleck 5600SXT offers affordable performance under $1,500 with capacity options from 24K to 64K",Claim,www.softprowatersystems.com,13,https://www.softprowatersystems.com/pages/top-rated-water-softeners-comparison-tested?srsltid=AfmBOooA0YSr5QIWq7F4ktxJfEmmMTuWS6WMJipTpyHLNYDnE9LLCYLy
71 GPG to a mere 0,Claim,www.softprowatersystems.com,13,https://www.softprowatersystems.com/pages/top-rated-water-softeners-comparison-tested?srsltid=AfmBOooA0YSr5QIWq7F4ktxJfEmmMTuWS6WMJipTpyHLNYDnE9LLCYLy
34 GPG—a remarkable 97% reduction,Claim,www.softprowatersystems.com,13,https://www.softprowatersystems.com/pages/top-rated-water-softeners-comparison-tested?srsltid=AfmBOooA0YSr5QIWq7F4ktxJfEmmMTuWS6WMJipTpyHLNYDnE9LLCYLy
"It uses 50% less salt while maintaining up to 15 GPM flow rate, perfect for busy households with multiple water demands",Claim,www.softprowatersystems.com,13,https://www.softprowatersystems.com/pages/top-rated-water-softeners-comparison-tested?srsltid=AfmBOooA0YSr5QIWq7F4ktxJfEmmMTuWS6WMJipTpyHLNYDnE9LLCYLy
"Budget-conscious homeowners will appreciate the Fleck 5600SXT, offering solid performance with grain capacities from 24K to 64K at under $1,500",Claim,www.softprowatersystems.com,13,https://www.softprowatersystems.com/pages/top-rated-water-softeners-comparison-tested?srsltid=AfmBOooA0YSr5QIWq7F4ktxJfEmmMTuWS6WMJipTpyHLNYDnE9LLCYLy
"Meanwhile, the DROP system, though pricier starting at $1,992",Claim,www.softprowatersystems.com,13,https://www.softprowatersystems.com/pages/top-rated-water-softeners-comparison-tested?srsltid=AfmBOooA0YSr5QIWq7F4ktxJfEmmMTuWS6WMJipTpyHLNYDnE9LLCYLy
Remember: all these systems require monthly salt replenishment and resin replacement every 8 years,Claim,www.softprowatersystems.com,13,https://www.softprowatersystems.com/pages/top-rated-water-softeners-comparison-tested?srsltid=AfmBOooA0YSr5QIWq7F4ktxJfEmmMTuWS6WMJipTpyHLNYDnE9LLCYLy
What truly impresses us is the efficiency gains: up to 77% reduction in salt consumption and 64% less water usage compared to conventional systems,Claim,www.softprowatersystems.com,13,https://www.softprowatersystems.com/pages/top-rated-water-softeners-comparison-tested?srsltid=AfmBOooA0YSr5QIWq7F4ktxJfEmmMTuWS6WMJipTpyHLNYDnE9LLCYLy
"Professional installation typically takes about 4 hours, though DIY approaches are possible for those comfortable with basic plumbing",Claim,www.softprowatersystems.com,13,https://www.softprowatersystems.com/pages/top-rated-water-softeners-comparison-tested?srsltid=AfmBOooA0YSr5QIWq7F4ktxJfEmmMTuWS6WMJipTpyHLNYDnE9LLCYLy
Salt-based softeners demand monthly attention to sodium levels and periodic resin replacement (roughly every 8 years),Claim,www.softprowatersystems.com,13,https://www.softprowatersystems.com/pages/top-rated-water-softeners-comparison-tested?srsltid=AfmBOooA0YSr5QIWq7F4ktxJfEmmMTuWS6WMJipTpyHLNYDnE9LLCYLy
"Initial investment ranges from $600 to $3,500, with dual-tank systems at the higher end for larger households",Claim,www.softprowatersystems.com,13,https://www.softprowatersystems.com/pages/top-rated-water-softeners-comparison-tested?srsltid=AfmBOooA0YSr5QIWq7F4ktxJfEmmMTuWS6WMJipTpyHLNYDnE9LLCYLy
"How Much Should You Spend on a Water Softener? We'd recommend budgeting $1,000-$2,500 for a quality water softener",Claim,www.softprowatersystems.com,13,https://www.softprowatersystems.com/pages/top-rated-water-softeners-comparison-tested?srsltid=AfmBOooA0YSr5QIWq7F4ktxJfEmmMTuWS6WMJipTpyHLNYDnE9LLCYLy
If you’re looking for a water softener - we sell and install both of our top recommended brands,Claim,www.callmother.com,16,https://www.callmother.com/blogs/best-water-softener-brands
So we started looking for reputable brands to recommend to our Dallas water softener installation customers,Claim,www.callmother.com,16,https://www.callmother.com/blogs/best-water-softener-brands
"Next, we spent an additional 45 hours researching water softening equipment manufacturers, and interviewing suppliers",Claim,www.callmother.com,16,https://www.callmother.com/blogs/best-water-softener-brands
We landed on 2 fantastic brands that we now recommend to our customers and install,Claim,www.callmother.com,16,https://www.callmother.com/blogs/best-water-softener-brands
Manufacturers pay a lot of money to submit their softeners to independent labs for testing,Claim,www.callmother.com,16,https://www.callmother.com/blogs/best-water-softener-brands
A key requirement in us recommending them Ease of use was another top consideration,Claim,www.callmother.com,16,https://www.callmother.com/blogs/best-water-softener-brands
WaterTech softeners come with a limited lifetime warranty,Claim,www.callmother.com,16,https://www.callmother.com/blogs/best-water-softener-brands
"Watertech products are tested and certified by IAPMO, the SCC and ANAB for efficiency, sediment and contaminant removal",Claim,www.callmother.com,16,https://www.callmother.com/blogs/best-water-softener-brands
HALO’s high density garnet filter offers granular filtration down to the 10-20 micron range,Claim,www.callmother.com,16,https://www.callmother.com/blogs/best-water-softener-brands
Its Filter-AG Plus® removes suspended matter in the water supply down to 5 microns or less,Claim,www.callmother.com,16,https://www.callmother.com/blogs/best-water-softener-brands
HALO offers a 10 year limited product warranty with product activation,Claim,www.callmother.com,16,https://www.callmother.com/blogs/best-water-softener-brands
"Recommended Halo products The HALO 5 offers whole house water filtration and water conditioning, plus the benefits of softened water",Claim,www.callmother.com,16,https://www.callmother.com/blogs/best-water-softener-brands
"&quot; This, combined with the above lack of certification, have caused us not to recommend Amazon softeners to our customers",Claim,www.callmother.com,16,https://www.callmother.com/blogs/best-water-softener-brands
Call now to book Texas’ Brazos River Authority estimates 85% of Americans live with hard water,Claim,www.callmother.com,16,https://www.callmother.com/blogs/best-water-softener-brands
"This demo should include basic system operation, how to use any remote smart features, and how to change filters and salt in your filtration tank",Claim,www.callmother.com,16,https://www.callmother.com/blogs/best-water-softener-brands
"We provide a comprehensive demonstration of your new system, and back up our work with a bumper-to-bumper 6 year warranty on installation",Claim,www.callmother.com,16,https://www.callmother.com/blogs/best-water-softener-brands
This hard water creates mineral scale that can shorten your water heater&apos;s life by up to 4 years,Claim,www.callmother.com,16,https://www.callmother.com/blogs/best-water-softener-brands
"For tighter budgets, #3 and #4 offer standout value without cutting corners",Claim,qualitywaterlab.com,18,https://qualitywaterlab.com/softeners/
Install/Maint (10%) : Score: 4/5 — Pro install typical; salt refills every 2–3 months based on hardness and household size,Claim,qualitywaterlab.com,18,https://qualitywaterlab.com/softeners/
"Install took less than 3 hours — a few steps were a little unclear, but overall, it was pretty easy",Claim,qualitywaterlab.com,18,https://qualitywaterlab.com/softeners/
"✅ Pros ✅ Easy to troubleshoot — When something breaks, it’s usually a $20 part — not the whole system",Claim,qualitywaterlab.com,18,https://qualitywaterlab.com/softeners/
5 GPM | Bluetooth: ❌ | Warranty: 5 Year | Family Size: 5 | Rating: 4,Claim,qualitywaterlab.com,18,https://qualitywaterlab.com/softeners/
3/5 Weighted average of 6 scored factors &middot; How we test Unit Cost: $789 🧪 Homeowner lab panel 🧲 Cuts iron to ~0,Claim,qualitywaterlab.com,18,https://qualitywaterlab.com/softeners/
1 ppm 🧠 Demand-based regen 🔕 Quiet cycles 🛡️ 5-yr warranty Softening 45% 4,Claim,qualitywaterlab.com,18,https://qualitywaterlab.com/softeners/
5/5 — Dropped hardness from ~18 gpg to ~1–2 gpg in our test home; iron reduced ~90%,Claim,qualitywaterlab.com,18,https://qualitywaterlab.com/softeners/
Hardness dropped from 18 gpg to just 1,Claim,qualitywaterlab.com,18,https://qualitywaterlab.com/softeners/
"6 gpg, with calcium, magnesium, and iron all reduced by over 90% in lab reports",Claim,qualitywaterlab.com,18,https://qualitywaterlab.com/softeners/
Post Whirlpool WHES40E) Parameter Before After Change Total Hardness i Measured as CaCO₃; “soft” = &lt;60 ppm 310 ppm (18 gpg) 28 ppm (1,Claim,qualitywaterlab.com,18,https://qualitywaterlab.com/softeners/
6 gpg) Soft −91% Calcium 72 ppm 5 ppm −93% Magnesium 24 ppm 2 ppm −92% Iron i NSF rating: up to 3 ppm 1,Claim,qualitywaterlab.com,18,https://qualitywaterlab.com/softeners/
"Important: This test reflects one home’s conditions (~18 gpg hardness, ~1",Claim,qualitywaterlab.com,18,https://qualitywaterlab.com/softeners/
Some use 40–60% less with upflow or demand-based regeneration,Claim,qualitywaterlab.com,18,https://qualitywaterlab.com/softeners/
"🧼 Clean the Brine Tank Yearly : Flush out salt bridges, sludge, or residue that can interfere with performance",Claim,qualitywaterlab.com,18,https://qualitywaterlab.com/softeners/
🔄 Regen Test Every 3–6 Months : Manually trigger a regeneration cycle to confirm your system is still cycling correctly and not stuck in a loop,Claim,qualitywaterlab.com,18,https://qualitywaterlab.com/softeners/
"How often should I clean my softener? If your water contains iron, clean the resin beads every 6–12 months",Claim,qualitywaterlab.com,18,https://qualitywaterlab.com/softeners/
The brine tank should be cleaned about twice a year or whenever you notice buildup,Claim,qualitywaterlab.com,18,https://qualitywaterlab.com/softeners/
How long do water softeners last? Most systems last 10–15 years,Claim,qualitywaterlab.com,18,https://qualitywaterlab.com/softeners/
"0 out of 5 stars (161) Price, product page $861",Claim,www.amazon.com,20,https://www.amazon.com/Water-Softeners-Top-Brands-Filtration/s?keywords=Water+Softeners&rh=n%3A6810592011%2Cp_n_g-101014971069111%3A119653281011&c=ts&ts_id=6810592011
"3 out of 5 stars (75) Price, product page $924",Claim,www.amazon.com,20,https://www.amazon.com/Water-Softeners-Top-Brands-Filtration/s?keywords=Water+Softeners&rh=n%3A6810592011%2Cp_n_g-101014971069111%3A119653281011&c=ts&ts_id=6810592011
"4 out of 5 stars (124) 50+ bought in past month Price, product page $749",Claim,www.amazon.com,20,https://www.amazon.com/Water-Softeners-Top-Brands-Filtration/s?keywords=Water+Softeners&rh=n%3A6810592011%2Cp_n_g-101014971069111%3A119653281011&c=ts&ts_id=6810592011
"3 out of 5 stars (442) 100+ bought in past month Price, product page $629",Claim,www.amazon.com,20,https://www.amazon.com/Water-Softeners-Top-Brands-Filtration/s?keywords=Water+Softeners&rh=n%3A6810592011%2Cp_n_g-101014971069111%3A119653281011&c=ts&ts_id=6810592011
"7 out of 5 stars (45) 50+ bought in past month Price, product page $29",Claim,www.amazon.com,20,https://www.amazon.com/Water-Softeners-Top-Brands-Filtration/s?keywords=Water+Softeners&rh=n%3A6810592011%2Cp_n_g-101014971069111%3A119653281011&c=ts&ts_id=6810592011
"1K) 100+ bought in past month Price, product page $139",Claim,www.amazon.com,20,https://www.amazon.com/Water-Softeners-Top-Brands-Filtration/s?keywords=Water+Softeners&rh=n%3A6810592011%2Cp_n_g-101014971069111%3A119653281011&c=ts&ts_id=6810592011
"7 out of 5 stars (13) Price, product page $594",Claim,www.amazon.com,20,https://www.amazon.com/Water-Softeners-Top-Brands-Filtration/s?keywords=Water+Softeners&rh=n%3A6810592011%2Cp_n_g-101014971069111%3A119653281011&c=ts&ts_id=6810592011
54 11% off coupon applied You pay $529,Claim,www.amazon.com,20,https://www.amazon.com/Water-Softeners-Top-Brands-Filtration/s?keywords=Water+Softeners&rh=n%3A6810592011%2Cp_n_g-101014971069111%3A119653281011&c=ts&ts_id=6810592011
"4 out of 5 stars (124) Price, product page $1,049",Claim,www.amazon.com,20,https://www.amazon.com/Water-Softeners-Top-Brands-Filtration/s?keywords=Water+Softeners&rh=n%3A6810592011%2Cp_n_g-101014971069111%3A119653281011&c=ts&ts_id=6810592011
"0 out of 5 stars (1) Price, product page $909",Claim,www.amazon.com,20,https://www.amazon.com/Water-Softeners-Top-Brands-Filtration/s?keywords=Water+Softeners&rh=n%3A6810592011%2Cp_n_g-101014971069111%3A119653281011&c=ts&ts_id=6810592011
"4 out of 5 stars (710) 1K+ bought in past month Price, product page $37",Claim,www.amazon.com,20,https://www.amazon.com/Water-Softeners-Top-Brands-Filtration/s?keywords=Water+Softeners&rh=n%3A6810592011%2Cp_n_g-101014971069111%3A119653281011&c=ts&ts_id=6810592011
"0 out of 5 stars (1) Price, product page $539",Claim,www.amazon.com,20,https://www.amazon.com/Water-Softeners-Top-Brands-Filtration/s?keywords=Water+Softeners&rh=n%3A6810592011%2Cp_n_g-101014971069111%3A119653281011&c=ts&ts_id=6810592011
"0 out of 5 stars (15) Price, product page $699",Claim,www.amazon.com,20,https://www.amazon.com/Water-Softeners-Top-Brands-Filtration/s?keywords=Water+Softeners&rh=n%3A6810592011%2Cp_n_g-101014971069111%3A119653281011&c=ts&ts_id=6810592011
"6 out of 5 stars (218) 200+ bought in past month Price, product page $64",Claim,www.amazon.com,20,https://www.amazon.com/Water-Softeners-Top-Brands-Filtration/s?keywords=Water+Softeners&rh=n%3A6810592011%2Cp_n_g-101014971069111%3A119653281011&c=ts&ts_id=6810592011
"5 out of 5 stars (2) 50+ bought in past month Price, product page $92",Claim,www.amazon.com,20,https://www.amazon.com/Water-Softeners-Top-Brands-Filtration/s?keywords=Water+Softeners&rh=n%3A6810592011%2Cp_n_g-101014971069111%3A119653281011&c=ts&ts_id=6810592011
"0 out of 5 stars (1) Price, product page $629",Claim,www.amazon.com,20,https://www.amazon.com/Water-Softeners-Top-Brands-Filtration/s?keywords=Water+Softeners&rh=n%3A6810592011%2Cp_n_g-101014971069111%3A119653281011&c=ts&ts_id=6810592011
"3 out of 5 stars (75) Price, product page $1,699",Claim,www.amazon.com,20,https://www.amazon.com/Water-Softeners-Top-Brands-Filtration/s?keywords=Water+Softeners&rh=n%3A6810592011%2Cp_n_g-101014971069111%3A119653281011&c=ts&ts_id=6810592011
"00 You pay $1,529",Claim,www.amazon.com,20,https://www.amazon.com/Water-Softeners-Top-Brands-Filtration/s?keywords=Water+Softeners&rh=n%3A6810592011%2Cp_n_g-101014971069111%3A119653281011&c=ts&ts_id=6810592011
"10 10% off coupon applied You pay $1,529",Claim,www.amazon.com,20,https://www.amazon.com/Water-Softeners-Top-Brands-Filtration/s?keywords=Water+Softeners&rh=n%3A6810592011%2Cp_n_g-101014971069111%3A119653281011&c=ts&ts_id=6810592011
"6 out of 5 stars (9) 50+ bought in past month Price, product page $32",Claim,www.amazon.com,20,https://www.amazon.com/Water-Softeners-Top-Brands-Filtration/s?keywords=Water+Softeners&rh=n%3A6810592011%2Cp_n_g-101014971069111%3A119653281011&c=ts&ts_id=6810592011
"1K) 50+ bought in past month Price, product page $245",Claim,www.amazon.com,20,https://www.amazon.com/Water-Softeners-Top-Brands-Filtration/s?keywords=Water+Softeners&rh=n%3A6810592011%2Cp_n_g-101014971069111%3A119653281011&c=ts&ts_id=6810592011
69 Typical: $272,Claim,www.amazon.com,20,https://www.amazon.com/Water-Softeners-Top-Brands-Filtration/s?keywords=Water+Softeners&rh=n%3A6810592011%2Cp_n_g-101014971069111%3A119653281011&c=ts&ts_id=6810592011
99 Typical: $272,Claim,www.amazon.com,20,https://www.amazon.com/Water-Softeners-Top-Brands-Filtration/s?keywords=Water+Softeners&rh=n%3A6810592011%2Cp_n_g-101014971069111%3A119653281011&c=ts&ts_id=6810592011
"3 out of 5 stars (5) Price, product page $909",Claim,www.amazon.com,20,https://www.amazon.com/Water-Softeners-Top-Brands-Filtration/s?keywords=Water+Softeners&rh=n%3A6810592011%2Cp_n_g-101014971069111%3A119653281011&c=ts&ts_id=6810592011
"0 out of 5 stars (5) Save 19% Price, product page $224",Claim,www.amazon.com,20,https://www.amazon.com/Water-Softeners-Top-Brands-Filtration/s?keywords=Water+Softeners&rh=n%3A6810592011%2Cp_n_g-101014971069111%3A119653281011&c=ts&ts_id=6810592011
90 Typical: $277,Claim,www.amazon.com,20,https://www.amazon.com/Water-Softeners-Top-Brands-Filtration/s?keywords=Water+Softeners&rh=n%3A6810592011%2Cp_n_g-101014971069111%3A119653281011&c=ts&ts_id=6810592011
"0 out of 5 stars (1) Price, product page $799",Claim,www.amazon.com,20,https://www.amazon.com/Water-Softeners-Top-Brands-Filtration/s?keywords=Water+Softeners&rh=n%3A6810592011%2Cp_n_g-101014971069111%3A119653281011&c=ts&ts_id=6810592011
"2 out of 5 stars (171) Price, product page $99",Claim,www.amazon.com,20,https://www.amazon.com/Water-Softeners-Top-Brands-Filtration/s?keywords=Water+Softeners&rh=n%3A6810592011%2Cp_n_g-101014971069111%3A119653281011&c=ts&ts_id=6810592011
"4 out of 5 stars (218) Price, product page $172",Claim,www.amazon.com,20,https://www.amazon.com/Water-Softeners-Top-Brands-Filtration/s?keywords=Water+Softeners&rh=n%3A6810592011%2Cp_n_g-101014971069111%3A119653281011&c=ts&ts_id=6810592011
"4 out of 5 stars (67) Price, product page $2,078",Claim,www.amazon.com,20,https://www.amazon.com/Water-Softeners-Top-Brands-Filtration/s?keywords=Water+Softeners&rh=n%3A6810592011%2Cp_n_g-101014971069111%3A119653281011&c=ts&ts_id=6810592011
"7 out of 5 stars (203) Price, product page $899",Claim,www.amazon.com,20,https://www.amazon.com/Water-Softeners-Top-Brands-Filtration/s?keywords=Water+Softeners&rh=n%3A6810592011%2Cp_n_g-101014971069111%3A119653281011&c=ts&ts_id=6810592011
"3 out of 5 stars (75) Price, product page $699",Claim,www.amazon.com,20,https://www.amazon.com/Water-Softeners-Top-Brands-Filtration/s?keywords=Water+Softeners&rh=n%3A6810592011%2Cp_n_g-101014971069111%3A119653281011&c=ts&ts_id=6810592011
The best rated water softeners use advanced technology to efficiently remove minerals without wasting water or salt,Claim,www.northlandwater.com,21,https://www.northlandwater.com/post/top-rated-water-softeners-for-homes-your-guide-to-the-best-rated-water-softeners
Here’s how I recommend approaching it: Step 1: Test Your Water Hardness Start by testing your water to know exactly how hard it is,Claim,www.northlandwater.com,21,https://www.northlandwater.com/post/top-rated-water-softeners-for-homes-your-guide-to-the-best-rated-water-softeners
Multiply the number of people by the average gallons used per person (usually around 75 gallons),Claim,www.northlandwater.com,21,https://www.northlandwater.com/post/top-rated-water-softeners-for-homes-your-guide-to-the-best-rated-water-softeners
"Step 4: Consider Features and Budget Look for features like digital controls, regeneration settings, and warranty",Claim,www.northlandwater.com,21,https://www.northlandwater.com/post/top-rated-water-softeners-for-homes-your-guide-to-the-best-rated-water-softeners
A company familiar with the Twin Cities’ water quality can recommend the best solutions tailored to your area,Claim,www.northlandwater.com,21,https://www.northlandwater.com/post/top-rated-water-softeners-for-homes-your-guide-to-the-best-rated-water-softeners
I always recommend working with a trusted local provider who values building lasting relationships over aggressive sales tactics,Claim,www.northlandwater.com,21,https://www.northlandwater.com/post/top-rated-water-softeners-for-homes-your-guide-to-the-best-rated-water-softeners
Here are some simple tips to ensure your system runs smoothly for years: Check salt levels regularly and refill with the recommended type of salt,Claim,www.northlandwater.com,21,https://www.northlandwater.com/post/top-rated-water-softeners-for-homes-your-guide-to-the-best-rated-water-softeners
"Fleck's 5600SXT model remains a reliable, affordable option under $1,500 with consistent positive reviews for durability",Claim,qualitywatertreatment.com,22,https://qualitywatertreatment.com/pages/best-water-softener-brands?srsltid=AfmBOorMvTz9I-7cmuT8lD4gjTa212QDudAMvSBDE7KfqhyQxwgNQpX7
"SoftPro Elite delivers excellent value at $1,129 with up to 110K grain capacity and efficient operational costs",Claim,qualitywatertreatment.com,22,https://qualitywatertreatment.com/pages/best-water-softener-brands?srsltid=AfmBOorMvTz9I-7cmuT8lD4gjTa212QDudAMvSBDE7KfqhyQxwgNQpX7
DROP stands out for tech-savvy consumers with innovative smart technology allowing remote system monitoring via mobile apps,Claim,qualitywatertreatment.com,22,https://qualitywatertreatment.com/pages/best-water-softener-brands?srsltid=AfmBOorMvTz9I-7cmuT8lD4gjTa212QDudAMvSBDE7KfqhyQxwgNQpX7
"Tech enthusiasts will appreciate DROP's smart system with app control, while the Fleck 5600SXT remains the affordable workhorse under $1,500",Claim,qualitywatertreatment.com,22,https://qualitywatertreatment.com/pages/best-water-softener-brands?srsltid=AfmBOorMvTz9I-7cmuT8lD4gjTa212QDudAMvSBDE7KfqhyQxwgNQpX7
"While initial costs range from $400-$6,500 (plus $900-$7,500 for installation), the real value emerges over time",Claim,qualitywatertreatment.com,22,https://qualitywatertreatment.com/pages/best-water-softener-brands?srsltid=AfmBOorMvTz9I-7cmuT8lD4gjTa212QDudAMvSBDE7KfqhyQxwgNQpX7
Top-rated brands like Whirlpool and Fleck deliver 10-15 years of reliable service with proper care,Claim,qualitywatertreatment.com,22,https://qualitywatertreatment.com/pages/best-water-softener-brands?srsltid=AfmBOorMvTz9I-7cmuT8lD4gjTa212QDudAMvSBDE7KfqhyQxwgNQpX7
We've found salt-based water softeners like SoftPro Elite provide exceptional long-term value with operational costs as low as $0,Claim,qualitywatertreatment.com,22,https://qualitywatertreatment.com/pages/best-water-softener-brands?srsltid=AfmBOorMvTz9I-7cmuT8lD4gjTa212QDudAMvSBDE7KfqhyQxwgNQpX7
"What Are the Best Water Softener Consumer Reports? Consumer Reports consistently ranks Whirlpool, Culligan, and Fleck as top water softener brands",Claim,qualitywatertreatment.com,22,https://qualitywatertreatment.com/pages/best-water-softener-brands?srsltid=AfmBOorMvTz9I-7cmuT8lD4gjTa212QDudAMvSBDE7KfqhyQxwgNQpX7
Regular salt replenishment and resin replacement every 8 years greatly extend their lifespan,Claim,qualitywatertreatment.com,22,https://qualitywatertreatment.com/pages/best-water-softener-brands?srsltid=AfmBOorMvTz9I-7cmuT8lD4gjTa212QDudAMvSBDE7KfqhyQxwgNQpX7
5% of hardness minerals,Claim,www.softprowatersystems.com,23,https://www.softprowatersystems.com/pages/unveiling-reliable-water-softener-brands?srsltid=AfmBOorEqYWOme4DoMWKm3XYbqq1USsbUhEgv3xzmF4XVZo2IYZ7c7On
Product Price Technology Household Size Aquasure Serene $333,Claim,www.softprowatersystems.com,23,https://www.softprowatersystems.com/pages/unveiling-reliable-water-softener-brands?srsltid=AfmBOorEqYWOme4DoMWKm3XYbqq1USsbUhEgv3xzmF4XVZo2IYZ7c7On
"00 Scale Prevention Up to 7 people SpringWell Futuresoft $1,597",Claim,www.softprowatersystems.com,23,https://www.softprowatersystems.com/pages/unveiling-reliable-water-softener-brands?srsltid=AfmBOorEqYWOme4DoMWKm3XYbqq1USsbUhEgv3xzmF4XVZo2IYZ7c7On
"31 TAC Process 6+ people Kind E-2000 $1,074",Claim,www.softprowatersystems.com,23,https://www.softprowatersystems.com/pages/unveiling-reliable-water-softener-brands?srsltid=AfmBOorEqYWOme4DoMWKm3XYbqq1USsbUhEgv3xzmF4XVZo2IYZ7c7On
23 TAC Technology Not specified DROP Smart Varies Scale Prevention Not specified Yarna Electronic $359,Claim,www.softprowatersystems.com,23,https://www.softprowatersystems.com/pages/unveiling-reliable-water-softener-brands?srsltid=AfmBOorEqYWOme4DoMWKm3XYbqq1USsbUhEgv3xzmF4XVZo2IYZ7c7On
It&#8217;s a smart system that has a blending valve and digital controller,Claim,mcgowanh2o.com,25,https://mcgowanh2o.com/what-are-the-best-water-softeners-to-buy/
"It has a digital controller, too, that offers a &#8220;Days to Empty&#8221; indicator",Claim,mcgowanh2o.com,25,https://mcgowanh2o.com/what-are-the-best-water-softeners-to-buy/
A water softener that removes 10 ppm of iron is much better than one that removes only 8 ppm,Claim,mcgowanh2o.com,25,https://mcgowanh2o.com/what-are-the-best-water-softeners-to-buy/
Consumer Reports&#39; Best Rated Water Softeners: The S,Claim,qualitywatertreatment.com,28,https://qualitywatertreatment.com/pages/best-rated-water-softeners-consumer-reports?srsltid=AfmBOopGUdErt39rdwQHYp6WgsXElXhchl17dHiRFzp28bNo9gWjyyYd
Need a closer look at these? Hop over to best rated water softeners consumer reports to dig deeper into the SoftPro Elite and its salt-saving skills,Claim,qualitywatertreatment.com,28,https://qualitywatertreatment.com/pages/best-rated-water-softeners-consumer-reports?srsltid=AfmBOopGUdErt39rdwQHYp6WgsXElXhchl17dHiRFzp28bNo9gWjyyYd
"SpringWell's SS model offers impressive 80K grain capacity, while SoftPro Elite delivers cost-effective performance at $1,129",Claim,www.softprowatersystems.com,31,https://www.softprowatersystems.com/pages/best-water-softener-brands-reviewed?srsltid=AfmBOoopxbQEe9LTBPq1JavK4qXyKwuZcAxAaGgB8GDZOGy9So0wxm1G
"Your choice ultimately depends on household size, water hardness, and budget—from Whirlpool's affordable $739 option to Culligan's premium systems",Claim,www.softprowatersystems.com,31,https://www.softprowatersystems.com/pages/best-water-softener-brands-reviewed?srsltid=AfmBOoopxbQEe9LTBPq1JavK4qXyKwuZcAxAaGgB8GDZOGy9So0wxm1G
SoftPro Elite provides cost-efficiency with metered regeneration and competitive pricing at $1129,Claim,www.softprowatersystems.com,31,https://www.softprowatersystems.com/pages/best-water-softener-brands-reviewed?srsltid=AfmBOoopxbQEe9LTBPq1JavK4qXyKwuZcAxAaGgB8GDZOGy9So0wxm1G
"Smart technology features include app connectivity, real-time monitoring, and programmable controls across premium models",Claim,www.softprowatersystems.com,31,https://www.softprowatersystems.com/pages/best-water-softener-brands-reviewed?srsltid=AfmBOoopxbQEe9LTBPq1JavK4qXyKwuZcAxAaGgB8GDZOGy9So0wxm1G
"Budget options range from $400-$1,600 (Whirlpool, GE) while premium brands (Culligan, Leaf Home) cost $1,000-$4,000",Claim,www.softprowatersystems.com,31,https://www.softprowatersystems.com/pages/best-water-softener-brands-reviewed?srsltid=AfmBOoopxbQEe9LTBPq1JavK4qXyKwuZcAxAaGgB8GDZOGy9So0wxm1G
"Don't overlook SoftPro Elite's exceptional value proposition at $1129, featuring metered regeneration that'll slash your operating costs",Claim,www.softprowatersystems.com,31,https://www.softprowatersystems.com/pages/best-water-softener-brands-reviewed?srsltid=AfmBOoopxbQEe9LTBPq1JavK4qXyKwuZcAxAaGgB8GDZOGy9So0wxm1G
"For tech enthusiasts, DROP's Smart Water Softener revolutionizes water management through intelligent app connectivity at $1992",Claim,www.softprowatersystems.com,31,https://www.softprowatersystems.com/pages/best-water-softener-brands-reviewed?srsltid=AfmBOoopxbQEe9LTBPq1JavK4qXyKwuZcAxAaGgB8GDZOGy9So0wxm1G
The financial equation matters too: expect annual costs of $56-$216 for salt-based systems versus minimal ongoing expenses with salt-free options,Claim,www.softprowatersystems.com,31,https://www.softprowatersystems.com/pages/best-water-softener-brands-reviewed?srsltid=AfmBOoopxbQEe9LTBPq1JavK4qXyKwuZcAxAaGgB8GDZOGy9So0wxm1G
"For cost-conscious homeowners, brands like GE Appliances, Whirlpool, Aquasure, and Rheem deliver solid performance at $400-$1,600",Claim,www.softprowatersystems.com,31,https://www.softprowatersystems.com/pages/best-water-softener-brands-reviewed?srsltid=AfmBOoopxbQEe9LTBPq1JavK4qXyKwuZcAxAaGgB8GDZOGy9So0wxm1G
"Meanwhile, the SpringWell SS requires annual cleaning and resin replacement approximately every 8 years",Claim,www.softprowatersystems.com,31,https://www.softprowatersystems.com/pages/best-water-softener-brands-reviewed?srsltid=AfmBOoopxbQEe9LTBPq1JavK4qXyKwuZcAxAaGgB8GDZOGy9So0wxm1G
"=��+ z3I��ߨB,-�mL �Y �l�zm?[q����� ε�x���Aѿ>(�%�ϲv2��5�4������ b�Xm�?X����м�9������8���$0� giq�Zk��6��c����: ���� �id",Claim,www.ecopurehome.com,32,https://www.ecopurehome.com/water-softeners/water-softening-systems?srsltid=AfmBOoq9hsdq4pupUjYrC7ikHFrnktTi65_27HDarCD1einKAd3SincZ
"Specifically, any types of water with more than 7 grains per gallon (gpg) of calcium carbonate is considered hard water",Claim,shouldit.com,33,https://shouldit.com/water-filters/reviews/best/water-softeners/
"Apart from the softener tank, head, and brine tank, a bypass valve, mounting bracket, and a drain line are also included",Claim,shouldit.com,33,https://shouldit.com/water-filters/reviews/best/water-softeners/
"Installation is simple— they recommend having professionals do it, but also have a clear DIY guide",Claim,shouldit.com,33,https://shouldit.com/water-filters/reviews/best/water-softeners/
"The system, its fittings, FutureSoft media, tanks, housings, bypasses, valves, and in/out heads are covered with a lifetime warranty against defects",Claim,shouldit.com,33,https://shouldit.com/water-filters/reviews/best/water-softeners/
Price at time of publish: $1530,Claim,shouldit.com,33,https://shouldit.com/water-filters/reviews/best/water-softeners/
Price at time of publish: $800,Claim,shouldit.com,33,https://shouldit.com/water-filters/reviews/best/water-softeners/
"The Fleck 5600SXT is powerful enough to handle very hard water, with up to 85 gpg or 1456 ppm",Claim,shouldit.com,33,https://shouldit.com/water-filters/reviews/best/water-softeners/
"Made to handle iron of up to 8 ppm, the Iron Pro comes with a fine mesh resin that survives well in iron-rich environments",Claim,shouldit.com,33,https://shouldit.com/water-filters/reviews/best/water-softeners/
Please note that 8 ppm is only the medium concentration of iron,Claim,shouldit.com,33,https://shouldit.com/water-filters/reviews/best/water-softeners/
There have been customers stating it operates just as well at 10 ppm,Claim,shouldit.com,33,https://shouldit.com/water-filters/reviews/best/water-softeners/
Price at time of publish: $839,Claim,shouldit.com,33,https://shouldit.com/water-filters/reviews/best/water-softeners/
Price at time of publish: $137,Claim,shouldit.com,33,https://shouldit.com/water-filters/reviews/best/water-softeners/
"Water in these areas typically have TDS lower than 7gpg, which is deemed soft or moderately hard",Claim,shouldit.com,33,https://shouldit.com/water-filters/reviews/best/water-softeners/
"1 For example, if the mineral concentration is 190 ppm, your water hardness level would be 190/17",Claim,shouldit.com,33,https://shouldit.com/water-filters/reviews/best/water-softeners/
"Ideally, regeneration should be set to occur no more than once every three days, and no less than every two weeks",Claim,shouldit.com,33,https://shouldit.com/water-filters/reviews/best/water-softeners/
We changed the amount of water used per day by one person to 80 gallons to better reflect current estimates,Claim,shouldit.com,33,https://shouldit.com/water-filters/reviews/best/water-softeners/
Add 5 grains for every part per million of dissolved iron detected,Claim,shouldit.com,33,https://shouldit.com/water-filters/reviews/best/water-softeners/
"5 ppm, the minimum softener capacity should be (4+1) x (9 + 5 x 1",Claim,shouldit.com,33,https://shouldit.com/water-filters/reviews/best/water-softeners/
"5) x 80 x 7 = 46,200 grains",Claim,shouldit.com,33,https://shouldit.com/water-filters/reviews/best/water-softeners/
Step 3: Know Your Budget – How Much Should Your Water Softener Cost? A residential water softener can cost anywhere between $500 and $2500,Claim,shouldit.com,33,https://shouldit.com/water-filters/reviews/best/water-softeners/
This means the softener has passed the strict requirements of industry standards and annual manufacturing facility audits,Claim,shouldit.com,33,https://shouldit.com/water-filters/reviews/best/water-softeners/
"For reference, the recommended sodium intake by the Dietary Guidelines for Americans is 2300mg per day or less",Claim,shouldit.com,33,https://shouldit.com/water-filters/reviews/best/water-softeners/
"But, in the recommended 2 quarts, it amounts to 526 mg or 22% of the standard recommended intake",Claim,shouldit.com,33,https://shouldit.com/water-filters/reviews/best/water-softeners/
"But if you act quickly, the spots should be quick to vanquish",Claim,shouldit.com,33,https://shouldit.com/water-filters/reviews/best/water-softeners/
"With over 100 years of industry experience, the company has continuously set the benchmark for innovation, performance and service",Claim,homewater101.com,34,https://homewater101.com/best-water-softener-brand
Certified Performance and Efficiency EcoWater’s softeners are independently tested and certified by the Water Quality Association (WQA) and NSF,Claim,homewater101.com,34,https://homewater101.com/best-water-softener-brand
"Many softeners include a limited lifetime warranty, a rare offering in the industry",Claim,homewater101.com,34,https://homewater101.com/best-water-softener-brand
9 gallons per minute — enough to keep water pressure strong throughout the home even during peak usage,Claim,homewater101.com,34,https://homewater101.com/best-water-softener-brand
"The Fleck 5600SXT earns high marks for delivering effective performance under $1,500 with user-friendly operation",Claim,qualitywatertreatment.com,37,https://qualitywatertreatment.com/pages/highly-rated-water-softener-brands-reviews?srsltid=AfmBOooXFx-DkGe0KHvUUzbOjTbcpf9oLB_uvZAG_f8gSPuTeWVZedFB
"For budget-conscious consumers, the Fleck 5600SXT delivers effective performance under $1,500 with remarkable ease of use",Claim,qualitywatertreatment.com,37,https://qualitywatertreatment.com/pages/highly-rated-water-softener-brands-reviews?srsltid=AfmBOooXFx-DkGe0KHvUUzbOjTbcpf9oLB_uvZAG_f8gSPuTeWVZedFB
"The Fleck 5600SXT stands out with impressive grain capacity options from 24,000 to 64,000, all under $1,500",Claim,qualitywatertreatment.com,37,https://qualitywatertreatment.com/pages/highly-rated-water-softener-brands-reviews?srsltid=AfmBOooXFx-DkGe0KHvUUzbOjTbcpf9oLB_uvZAG_f8gSPuTeWVZedFB
"For those exploring alternatives, the iSpring ED2000 provides a salt-free solution at approximately $137",Claim,qualitywatertreatment.com,37,https://qualitywatertreatment.com/pages/highly-rated-water-softener-brands-reviews?srsltid=AfmBOooXFx-DkGe0KHvUUzbOjTbcpf9oLB_uvZAG_f8gSPuTeWVZedFB
Fleck Fleck has been a trustworthy brand in water treatment for over 50 years,Claim,icepurefilter.com,38,https://icepurefilter.com/best-water-softener-systems/?srsltid=AfmBOopJSX1rX6Oszm-B9_OtBHGyEuHDyY4xIesvXSqzoG1zwXjZydxp
"The company’s WHES40E 40,000 Grain Water Softener is equipped with a high capacity",Claim,icepurefilter.com,38,https://icepurefilter.com/best-water-softener-systems/?srsltid=AfmBOopJSX1rX6Oszm-B9_OtBHGyEuHDyY4xIesvXSqzoG1zwXjZydxp
It&#8217;s equipped with an efficient control valve and a digital display to help you monitor and operate the device with no sweat,Claim,icepurefilter.com,38,https://icepurefilter.com/best-water-softener-systems/?srsltid=AfmBOopJSX1rX6Oszm-B9_OtBHGyEuHDyY4xIesvXSqzoG1zwXjZydxp
"It comes with a high capacity to treat up to 50,000 grains of hardness",Claim,icepurefilter.com,38,https://icepurefilter.com/best-water-softener-systems/?srsltid=AfmBOopJSX1rX6Oszm-B9_OtBHGyEuHDyY4xIesvXSqzoG1zwXjZydxp
Install bypass valves to let water be redirected around the softener,Claim,icepurefilter.com,38,https://icepurefilter.com/best-water-softener-systems/?srsltid=AfmBOopJSX1rX6Oszm-B9_OtBHGyEuHDyY4xIesvXSqzoG1zwXjZydxp
"Fleck's 5600SXT model consistently receives positive reviews for reliable performance at budget-friendly prices under $1,500",Claim,www.softprowatersystems.com,39,https://www.softprowatersystems.com/pages/homeowners-reveal-best-brands-water-softener-products?srsltid=AfmBOopteUNdrWkrgEC9dxEgegVRpa389-CrQiC9Euh58_iGTPdWpWwJ
"Efficiency tops the list, with systems like the SoftPro Elite costing as little as $56 annually to operate",Claim,www.softprowatersystems.com,39,https://www.softprowatersystems.com/pages/homeowners-reveal-best-brands-water-softener-products?srsltid=AfmBOopteUNdrWkrgEC9dxEgegVRpa389-CrQiC9Euh58_iGTPdWpWwJ
Durability is equally vital—SoftPro Elite's resin lasting up to 20 years with low maintenance requirements consistently generates positive reviews,Claim,www.softprowatersystems.com,39,https://www.softprowatersystems.com/pages/homeowners-reveal-best-brands-water-softener-products?srsltid=AfmBOopteUNdrWkrgEC9dxEgegVRpa389-CrQiC9Euh58_iGTPdWpWwJ
Why Are States Banning Water Softeners? We're seeing states ban salt-based water softeners because they're concerned about the environmental impact,Claim,www.softprowatersystems.com,39,https://www.softprowatersystems.com/pages/homeowners-reveal-best-brands-water-softener-products?srsltid=AfmBOopteUNdrWkrgEC9dxEgegVRpa389-CrQiC9Euh58_iGTPdWpWwJ
This compensation does not influence the recommendations or advice our editorial team provides within our content,Claim,www.thisoldhouse.com,40,https://www.thisoldhouse.com/plumbing/best-water-softener
Courtesy Amazon $169,Claim,www.thisoldhouse.com,40,https://www.thisoldhouse.com/plumbing/best-water-softener
Courtesy Amazon $779 $689 At Amazon Prices taken at time of publishing,Claim,www.thisoldhouse.com,40,https://www.thisoldhouse.com/plumbing/best-water-softener
Courtesy Amazon $849,Claim,www.thisoldhouse.com,40,https://www.thisoldhouse.com/plumbing/best-water-softener
Courtesy Amazon $14,Claim,www.thisoldhouse.com,40,https://www.thisoldhouse.com/plumbing/best-water-softener
Courtesy Amazon $139,Claim,www.thisoldhouse.com,40,https://www.thisoldhouse.com/plumbing/best-water-softener
"For apartments or small houses, water softeners with grain capacities of up to 32,000 should be sufficient",Claim,www.thisoldhouse.com,40,https://www.thisoldhouse.com/plumbing/best-water-softener
"Medium or large homes need softeners with capacities between 40,000 and 64,000 grains",Claim,www.thisoldhouse.com,40,https://www.thisoldhouse.com/plumbing/best-water-softener
"To help ensure your home has only high-quality water, here are some tips I recommend for testing and improving the water quality in your home",Claim,www.thisoldhouse.com,40,https://www.thisoldhouse.com/plumbing/best-water-softener
"5 grains per gallon—is found in the Southwest, Great Plains, and Rocky Mountain regions",Claim,www.bobvila.com,42,https://www.bobvila.com/articles/best-water-softener/
"The Whirlpool 40,000 Grain Water Softener tops this list for its efficiency",Claim,www.bobvila.com,42,https://www.bobvila.com/articles/best-water-softener/
"875“ x 1&#8243; x 19&#8243; WaterBoss 36,400-Grain Water Softener Salt-based water softener 36,400 grain 25",Claim,www.bobvila.com,42,https://www.bobvila.com/articles/best-water-softener/
"5&#8243; On The Go Portable 16,000-Grain Water Softener Salt-based water softener 16,000 grain 22&#8243; x 9",Claim,www.bobvila.com,42,https://www.bobvila.com/articles/best-water-softener/
"An affordable, single-tank, salt-based water softener with a capacity of 36,400 grains, it is a suitable option for households with 3 to 6 people",Claim,www.bobvila.com,42,https://www.bobvila.com/articles/best-water-softener/
The salt-based softener system weighs 53 pounds and includes a bypass valve and an installation tutorial for handy DIYers,Claim,www.bobvila.com,42,https://www.bobvila.com/articles/best-water-softener/
"The digital control panel displays the time of day, current flow rate, soft water volume, or the number of days remaining until regeneration",Claim,www.bobvila.com,42,https://www.bobvila.com/articles/best-water-softener/
Salt-free water softeners tend to cost more initially but last for about 3 years without electricity or recharging,Claim,www.bobvila.com,42,https://www.bobvila.com/articles/best-water-softener/
"Water softness and hardness are measured in grains per gallon (gpg), where 1 grain equals 0",Claim,www.bobvila.com,42,https://www.bobvila.com/articles/best-water-softener/
002 ounces of calcium carbonate dissolved in 1 gallon of water,Claim,www.bobvila.com,42,https://www.bobvila.com/articles/best-water-softener/
0 to 3 gpg is considered soft water,Claim,www.bobvila.com,42,https://www.bobvila.com/articles/best-water-softener/
5 to 7 gpg is considered moderate and ideal,Claim,www.bobvila.com,42,https://www.bobvila.com/articles/best-water-softener/
5 gpg or greater is regarded as hard water and should be treated with a water softener,Claim,www.bobvila.com,42,https://www.bobvila.com/articles/best-water-softener/
"Bypass Valve A valve controls the flow of water through a pipe, opening or closing as needed",Claim,www.bobvila.com,42,https://www.bobvila.com/articles/best-water-softener/
"If it’s going to be used for these purposes, the bypass valve will divert the flow of water around the softener and back into the pipes",Claim,www.bobvila.com,42,https://www.bobvila.com/articles/best-water-softener/
"Once complete, the bypass valve can be closed, restoring water flow through the softener",Claim,www.bobvila.com,42,https://www.bobvila.com/articles/best-water-softener/
"While checking salt levels, the condition of the brine tank should also be checked, as salt bridges may have formed over time",Claim,www.bobvila.com,42,https://www.bobvila.com/articles/best-water-softener/
How long do water softeners last? The average water softener lasts between 10 and 15 years,Claim,www.bobvila.com,42,https://www.bobvila.com/articles/best-water-softener/
These operating expenses can add $100-300 annually depending on system size and water hardness,Claim,www.bobvila.com,42,https://www.bobvila.com/articles/best-water-softener/
What are the disadvantages of soft water? Soft water has a high sodium content and is not recommended for daily consumption,Claim,www.bobvila.com,42,https://www.bobvila.com/articles/best-water-softener/
"For the best value, the Fleck 5600SXT ($799) is Reddit &#x27; s #1 recommended home water softener with 13+ years of proven reliability",Claim,www.tapwaterdata.com,44,https://www.tapwaterdata.com/filters/water-softener
Salt-free buyers should consider the SpringWell FutureSoft,Claim,www.tapwaterdata.com,44,https://www.tapwaterdata.com/filters/water-softener
"With a 64,000-grain capacity, it handles households of 4-6+ people with water hardness up to 95 GPG without breaking a sweat",Claim,www.tapwaterdata.com,44,https://www.tapwaterdata.com/filters/water-softener
"Bluetooth app control, lifetime warranty, and industry-leading 7 PPM iron removal make it the go-to choice for well water and tech-forward buyers",Claim,www.tapwaterdata.com,44,https://www.tapwaterdata.com/filters/water-softener
"Its TAC media never needs replacement, making it truly maintenance-free for 6-10 years",Claim,www.tapwaterdata.com,44,https://www.tapwaterdata.com/filters/water-softener
Been working just fine for the last 10 years,Claim,www.tapwaterdata.com,44,https://www.tapwaterdata.com/filters/water-softener
” r/ WaterTreatment · ↑ 0 Full Review &amp; Specs Deep Reddit Analysis Buying Options $159,Claim,www.tapwaterdata.com,44,https://www.tapwaterdata.com/filters/water-softener
Annual Cost $ 114 /year Our Recommendation Fleck 5600SXT (48K) — Best Value Starting at $ 799 5-Year Cost Comparison Salt-Based (e,Claim,www.tapwaterdata.com,44,https://www.tapwaterdata.com/filters/water-softener
"Long-term Cost: We calculate 5-year total cost of ownership including unit price, salt, electricity, maintenance, and filter/resin replacement",Claim,www.tapwaterdata.com,44,https://www.tapwaterdata.com/filters/water-softener
"They &#x27; re the lowest-cost, lowest-risk option at ~$35, suitable for renters or as a trial before investing in a real system",Claim,www.tapwaterdata.com,44,https://www.tapwaterdata.com/filters/water-softener
The cost difference between a 48K and 64K unit is typically $100-200 — well worth it for the extra capacity,Claim,www.tapwaterdata.com,44,https://www.tapwaterdata.com/filters/water-softener
Hard Water in US Cities About 85% of US homes have hard water,Claim,www.tapwaterdata.com,44,https://www.tapwaterdata.com/filters/water-softener
"For overall performance, the SoftPro Elite ($1,527) offers salt-saving upflow regeneration",Claim,www.tapwaterdata.com,44,https://www.tapwaterdata.com/filters/water-softener
"For the best value, the Fleck 5600SXT (~$769) is Reddit&#x27;s #1 recommendation with proven 13+ year reliability",Claim,www.tapwaterdata.com,44,https://www.tapwaterdata.com/filters/water-softener
"For well water with high iron, the SpringWell SS1 ($1,440) handles up to 7 PPM iron with Bluetooth monitoring",Claim,www.tapwaterdata.com,44,https://www.tapwaterdata.com/filters/water-softener
"For salt-free scale prevention, the SpringWell FutureSoft ($1,600) leads the category",Claim,www.tapwaterdata.com,44,https://www.tapwaterdata.com/filters/water-softener
Budget buyers should consider the Whirlpool WHES40E (~$600) available at major retailers,Claim,www.tapwaterdata.com,44,https://www.tapwaterdata.com/filters/water-softener
"1 System Overview Our top water softener is the Aquasana SimplySoft® 40,000 Grain Softener (WH-SF40)",Claim,www.waterfiltercomparisons.com,46,https://www.waterfiltercomparisons.com/best-water-softeners/
"Aquasana&#8217;s softener has a max hardness rating of 200 grains per gallon (GPG), significantly higher than any of the other systems on our list",Claim,www.waterfiltercomparisons.com,46,https://www.waterfiltercomparisons.com/best-water-softeners/
"Most notably, it uses 50% less salt and 28% less water than conventional water softeners",Claim,www.waterfiltercomparisons.com,46,https://www.waterfiltercomparisons.com/best-water-softeners/
"&nbsp; The softener has a max hardness rating of 70 GPG which is above average, and a salt capacity of 120 lbs which is decent",Claim,www.waterfiltercomparisons.com,46,https://www.waterfiltercomparisons.com/best-water-softeners/
"It has a max hardness rating of 110 GPG and removes up to 2 PPM of clear water iron, which is the lowest of any system on our list",Claim,www.waterfiltercomparisons.com,46,https://www.waterfiltercomparisons.com/best-water-softeners/
"The system has a max hardness rating of 65 GPG and reduces up to 3 PPM of clear water iron, which is on the low end of similarly priced systems",Claim,www.waterfiltercomparisons.com,46,https://www.waterfiltercomparisons.com/best-water-softeners/
"Our top choice is the Aquasana SimplySoft® 40,000 Grain Softener for its exceptional performance, efficiency, and bonus features",Claim,www.waterfiltercomparisons.com,46,https://www.waterfiltercomparisons.com/best-water-softeners/
"Big Box water softeners cost around $700, but that price doesn’t include installation",Claim,angelwater.com,47,https://angelwater.com/blog/water-softeners/best-water-softeners-2024/
"Professional installation from a licensed plumber can add an additional $900 to $1,500 to the total costs",Claim,angelwater.com,47,https://angelwater.com/blog/water-softeners/best-water-softeners-2024/
"Overall, we don’t recommend them",Claim,angelwater.com,47,https://angelwater.com/blog/water-softeners/best-water-softeners-2024/
Better Warranties Some Pro-grade options come with better warranties than the 5-plus-5 offered by lower-quality options,Claim,angelwater.com,47,https://angelwater.com/blog/water-softeners/best-water-softeners-2024/
"Kinetico water softeners don’t use electronics, so they’re suitable for 24-hour usage without wasting energy",Claim,angelwater.com,47,https://angelwater.com/blog/water-softeners/best-water-softeners-2024/
"If you see something you like among our water softeners, please schedule a free consultation with one of our experts",Claim,angelwater.com,47,https://angelwater.com/blog/water-softeners/best-water-softeners-2024/
"Our expert team prioritizes efficiency, environmental impact, and low maintenance to ensure you get the best solution for your home",Claim,callthelen.com,48,https://callthelen.com/blog/best-water-softener-systems/
Schedule Service &quot; * &quot; indicates required fields Company This field is for validation purposes and should be left unchanged,Claim,callthelen.com,48,https://callthelen.com/blog/best-water-softener-systems/
"Hard water destroys an estimated 85% of American homes, from broken-down appliances to lackluster laundry",Claim,www.waterdropfilter.com,49,https://www.waterdropfilter.com/blogs/buyers-guides/5-best-home-water-softener-systems?srsltid=AfmBOoq135QG8u4ntuyg2udN34JM3Ohxia34cJX7cr3KClh483byym6Q
"Geological Survey , 85% of water in the U",Claim,www.waterdropfilter.com,49,https://www.waterdropfilter.com/blogs/buyers-guides/5-best-home-water-softener-systems?srsltid=AfmBOoq135QG8u4ntuyg2udN34JM3Ohxia34cJX7cr3KClh483byym6Q
But here’s the surprising part: only 30% of American households use a water softener,Claim,www.waterdropfilter.com,49,https://www.waterdropfilter.com/blogs/buyers-guides/5-best-home-water-softener-systems?srsltid=AfmBOoq135QG8u4ntuyg2udN34JM3Ohxia34cJX7cr3KClh483byym6Q
"In the Midwest, some places have very hard water, like 293 ppm! On the East Coast, it’s around 122 ppm, which is definitely in the “hard” category",Claim,www.waterdropfilter.com,49,https://www.waterdropfilter.com/blogs/buyers-guides/5-best-home-water-softener-systems?srsltid=AfmBOoq135QG8u4ntuyg2udN34JM3Ohxia34cJX7cr3KClh483byym6Q
"Whether you have a small, medium, or large household, the WHR01 offers models with varying grain capacities to meet your needs",Claim,www.waterdropfilter.com,49,https://www.waterdropfilter.com/blogs/buyers-guides/5-best-home-water-softener-systems?srsltid=AfmBOoq135QG8u4ntuyg2udN34JM3Ohxia34cJX7cr3KClh483byym6Q
5% of calcium and magnesium hardness minerals in testing,Claim,www.waterdropfilter.com,49,https://www.waterdropfilter.com/blogs/buyers-guides/5-best-home-water-softener-systems?srsltid=AfmBOoq135QG8u4ntuyg2udN34JM3Ohxia34cJX7cr3KClh483byym6Q
"For most American families, the Waterdrop WHR01 offers the best value with an outstanding balance of performance, efficiency, and affordability",Claim,www.waterdropfilter.com,49,https://www.waterdropfilter.com/blogs/buyers-guides/5-best-home-water-softener-systems?srsltid=AfmBOoq135QG8u4ntuyg2udN34JM3Ohxia34cJX7cr3KClh483byym6Q
"If you want high-end features but are not afraid to pay, the SpringWell SS1 offers advanced technology with an unmatched lifetime warranty",Claim,www.waterdropfilter.com,49,https://www.waterdropfilter.com/blogs/buyers-guides/5-best-home-water-softener-systems?srsltid=AfmBOoq135QG8u4ntuyg2udN34JM3Ohxia34cJX7cr3KClh483byym6Q
"If you have a family of four with medium hardness (10 grains per gallon), the typical need will be between 32,000-48,000 grains",Claim,www.waterdropfilter.com,49,https://www.waterdropfilter.com/blogs/buyers-guides/5-best-home-water-softener-systems?srsltid=AfmBOoq135QG8u4ntuyg2udN34JM3Ohxia34cJX7cr3KClh483byym6Q
99 (Free on orders over $200) Express Shipping 2-3 Business Days $10,Claim,www.waterdropfilter.com,49,https://www.waterdropfilter.com/blogs/buyers-guides/5-best-home-water-softener-systems?srsltid=AfmBOoq135QG8u4ntuyg2udN34JM3Ohxia34cJX7cr3KClh483byym6Q
99 (Package Weight: Under 9 lb) $26,Claim,www.waterdropfilter.com,49,https://www.waterdropfilter.com/blogs/buyers-guides/5-best-home-water-softener-systems?srsltid=AfmBOoq135QG8u4ntuyg2udN34JM3Ohxia34cJX7cr3KClh483byym6Q
99 (Package Weight: 9 - 22 lb) $42,Claim,www.waterdropfilter.com,49,https://www.waterdropfilter.com/blogs/buyers-guides/5-best-home-water-softener-systems?srsltid=AfmBOoq135QG8u4ntuyg2udN34JM3Ohxia34cJX7cr3KClh483byym6Q
Handling Time: We need 24 to 48 hours to prepare your order,Claim,www.waterdropfilter.com,49,https://www.waterdropfilter.com/blogs/buyers-guides/5-best-home-water-softener-systems?srsltid=AfmBOoq135QG8u4ntuyg2udN34JM3Ohxia34cJX7cr3KClh483byym6Q
"Most packages will be shipped within 24 hours, excluding weekends and holidays",Claim,www.waterdropfilter.com,49,https://www.waterdropfilter.com/blogs/buyers-guides/5-best-home-water-softener-systems?srsltid=AfmBOoq135QG8u4ntuyg2udN34JM3Ohxia34cJX7cr3KClh483byym6Q
"Small homes and apartments rarely need more than 32,000 grains",Claim,costtoinstall.com,50,https://costtoinstall.com/best/best-water-softener
"Also recommended by Bob Vila (Best Overall, updated Dec 2025)",Claim,costtoinstall.com,50,https://costtoinstall.com/best/best-water-softener
"Also recommended by Bob Vila (Harmony series, well-water pick)",Claim,costtoinstall.com,50,https://costtoinstall.com/best/best-water-softener
Where to buy: Aquasure (direct) (price band checked July 2026) Best value: Whirlpool WHES30 Ratings: 95 gpg max hardness; 8 ppm clear-water iron; 7,Claim,costtoinstall.com,50,https://costtoinstall.com/best/best-water-softener
"Also recommended by Water Filter Guru (Best Salt-Free, updated Jul 2026)",Claim,costtoinstall.com,50,https://costtoinstall.com/best/best-water-softener
Also recommended by Bob Vila (Best Bang for the Buck),Claim,costtoinstall.com,50,https://costtoinstall.com/best/best-water-softener
Warranty terms hint at build class: 1&ndash;3 years on cabinet-unit electronics vs 5&ndash;10 years on valves and tanks for component systems,Claim,costtoinstall.com,50,https://costtoinstall.com/best/best-water-softener
Geological Survey classifies water as hard above 121 mg/L &#8212; about 7 grains per gallon &#8212; and very hard above 180 mg/L,Claim,plumbingpicks.com,58,https://plumbingpicks.com/best-water-softener/
That sits on top of a typical $287 average annual water-heating bill ( U,Claim,plumbingpicks.com,58,https://plumbingpicks.com/best-water-softener/
Estimate daily water use: roughly 75 gallons per person per day,Claim,plumbingpicks.com,58,https://plumbingpicks.com/best-water-softener/
"Above ~1 ppm iron or a sulfur smell, a standard softener alone isn&#8217;t enough — you need iron-rated resin or pre-treatment ahead of it",Claim,plumbingpicks.com,58,https://plumbingpicks.com/best-water-softener/
"A common field rule: add ~4 grains/gallon of demand for every 1 ppm of iron, then size to that combined number — not hardness alone",Claim,plumbingpicks.com,58,https://plumbingpicks.com/best-water-softener/
"For whole-house flow without starving upstairs fixtures, you want a 3/4-inch minimum main and 40–60 psi",Claim,plumbingpicks.com,58,https://plumbingpicks.com/best-water-softener/
Skip them and you either oversize (wasting salt) or undersize (running out of soft water mid-week),Claim,plumbingpicks.com,58,https://plumbingpicks.com/best-water-softener/
FAQ What size water softener do I need? Multiply the number of people in your home by 75 gallons/day by your water hardness in grains per gallon,Claim,plumbingpicks.com,58,https://plumbingpicks.com/best-water-softener/
"For most families with moderately hard water, a 40,000–48,000 grain unit is right",Claim,plumbingpicks.com,58,https://plumbingpicks.com/best-water-softener/
"It has a 1,000,000-gallon capacity that lasts up to 10 years",Claim,www.diys.com,59,https://www.diys.com/water-softener/
"When it comes to filtering water, Aquasana removes up to 97% of chlorine, pesticides, VOCs, heavy metals, and other harmful agents",Claim,www.diys.com,59,https://www.diys.com/water-softener/
You must replace the sediment pre-filter every 6 &#8211; 9 months but not the tank media,Claim,www.diys.com,59,https://www.diys.com/water-softener/
The whole-house electronic descaler works with very hard water from 10 to 19 GPG and has a 10-GPM flow rate,Claim,www.diys.com,59,https://www.diys.com/water-softener/
"The water softener has a 1,000,000 gallon capacity and lasts 10 years",Claim,www.diys.com,59,https://www.diys.com/water-softener/
And you should replace the pre-filter every 8 to 10 months,Claim,www.diys.com,59,https://www.diys.com/water-softener/
"The package includes an AFWFilters install kit, bypass valve, and a complete brine tank with float and overflow line",Claim,www.diys.com,59,https://www.diys.com/water-softener/
"You can also attach a reverse osmosis system to alkalize and filtrate water in 5 stages to remove up to 98% of lead, barium, mercury, and phosphate",Claim,www.diys.com,59,https://www.diys.com/water-softener/
The salt-based version is better for your home if you have very hard water (over 15 GPG),Claim,www.diys.com,59,https://www.diys.com/water-softener/
"For each 1 PPM of iron, you must add 5 GPG units",Claim,www.diys.com,59,https://www.diys.com/water-softener/
"For 5-10 GPG water hardness and 3-4 people, it&#8217;s recommended to get a softener with a 32,000 grain capacity",Claim,www.diys.com,59,https://www.diys.com/water-softener/
"For 76-100 GPG and 1-2 people, you need 80,000 grain capacity",Claim,www.diys.com,59,https://www.diys.com/water-softener/
This doesn&#8217;t necessarily mean that smaller water softener manufacturers without certifications are unreliable and should be ignored,Claim,www.diys.com,59,https://www.diys.com/water-softener/
"NSF/ANSI 44 certification is the true industry standard for water softeners, verifying mineral reduction effectiveness and safety compliance",Claim,www.softprowatersystems.com,60,https://www.softprowatersystems.com/pages/how-various-brands-of-water-softeners-rank-reliability-performance-nsf-certification-exposed?srsltid=AfmBOoq6VQI5oOi6Khm4GtMNyp8vmUZR4JNmoKdPygUaGSYFhPocIYoi
"SpringWell systems lead in flow rate (20 GPM) and salt efficiency (5,880 grains per pound), outperforming other certified brands",Claim,www.softprowatersystems.com,60,https://www.softprowatersystems.com/pages/how-various-brands-of-water-softeners-rank-reliability-performance-nsf-certification-exposed?srsltid=AfmBOoq6VQI5oOi6Khm4GtMNyp8vmUZR4JNmoKdPygUaGSYFhPocIYoi
The Fleck 5600SXT wows with 97% mineral reduction and exceptional 10-20 year lifespan,Claim,www.softprowatersystems.com,60,https://www.softprowatersystems.com/pages/how-various-brands-of-water-softeners-rank-reliability-performance-nsf-certification-exposed?srsltid=AfmBOoq6VQI5oOi6Khm4GtMNyp8vmUZR4JNmoKdPygUaGSYFhPocIYoi
"For high-demand households, SpringWell's SS model handles up to 20 GPM while using 50% less salt and removing 97",Claim,www.softprowatersystems.com,60,https://www.softprowatersystems.com/pages/how-various-brands-of-water-softeners-rank-reliability-performance-nsf-certification-exposed?srsltid=AfmBOoq6VQI5oOi6Khm4GtMNyp8vmUZR4JNmoKdPygUaGSYFhPocIYoi
"SpringWell's higher capacities (up to 110,000 grains) outperform standard systems, particularly for well water applications",Claim,www.softprowatersystems.com,60,https://www.softprowatersystems.com/pages/how-various-brands-of-water-softeners-rank-reliability-performance-nsf-certification-exposed?srsltid=AfmBOoq6VQI5oOi6Khm4GtMNyp8vmUZR4JNmoKdPygUaGSYFhPocIYoi
"SpringWell's HydroClean3 technology achieves an extraordinary 5,880 grains of hardness removal per pound of salt—significantly outpacing competitors",Claim,www.softprowatersystems.com,60,https://www.softprowatersystems.com/pages/how-various-brands-of-water-softeners-rank-reliability-performance-nsf-certification-exposed?srsltid=AfmBOoq6VQI5oOi6Khm4GtMNyp8vmUZR4JNmoKdPygUaGSYFhPocIYoi
Fleck 5600SXT users consistently report impressive 97% reduction in water hardness over multiple years,Claim,www.softprowatersystems.com,60,https://www.softprowatersystems.com/pages/how-various-brands-of-water-softeners-rank-reliability-performance-nsf-certification-exposed?srsltid=AfmBOoq6VQI5oOi6Khm4GtMNyp8vmUZR4JNmoKdPygUaGSYFhPocIYoi
Is Rheem or Whirlpool Water Softener Better? We'd recommend Whirlpool for reliability and simplicity,Claim,www.softprowatersystems.com,60,https://www.softprowatersystems.com/pages/how-various-brands-of-water-softeners-rank-reliability-performance-nsf-certification-exposed?srsltid=AfmBOoq6VQI5oOi6Khm4GtMNyp8vmUZR4JNmoKdPygUaGSYFhPocIYoi
What Are the Best Water Softener Consumer Reports? Consumer Reports favor Culligan for reliability (4,Claim,www.softprowatersystems.com,60,https://www.softprowatersystems.com/pages/how-various-brands-of-water-softeners-rank-reliability-performance-nsf-certification-exposed?srsltid=AfmBOoq6VQI5oOi6Khm4GtMNyp8vmUZR4JNmoKdPygUaGSYFhPocIYoi
8–10 lb of salt per regeneration: typical for a correctly sized metered unit — budget $50–$150 a year,Claim,watersoftenerlab.com,61,https://watersoftenerlab.com/best/best-water-softener/
The 5600SXT is our default recommendation because it does the fundamentals better than anything else at the price,Claim,watersoftenerlab.com,61,https://watersoftenerlab.com/best/best-water-softener/
Includes bypass valve and installation adapters in the box,Claim,watersoftenerlab.com,61,https://watersoftenerlab.com/best/best-water-softener/
"Multiply people × 75 gallons × your hardness in gpg to get daily grain load, then pick a capacity that regenerates about once a week",Claim,watersoftenerlab.com,61,https://watersoftenerlab.com/best/best-water-softener/
"Timer-based units regenerate on a calendar whether you need it or not, wasting salt and water",Claim,watersoftenerlab.com,61,https://watersoftenerlab.com/best/best-water-softener/
"A family of four at 20 gpg uses about 6,000 grains a day, so a 32,000–40,000-grain unit that regenerates roughly weekly is the sweet spot",Claim,watersoftenerlab.com,61,https://watersoftenerlab.com/best/best-water-softener/
"Do I need a plumber to install one? If you have a shutoff, a nearby drain, and a 110V outlet, a DIY install takes a competent homeowner 2–4 hours",Claim,watersoftenerlab.com,61,https://watersoftenerlab.com/best/best-water-softener/
Professional installation typically runs $150–$500 depending on whether new plumbing or a loop needs to be added,Claim,watersoftenerlab.com,61,https://watersoftenerlab.com/best/best-water-softener/
"Fleck 5600SXT provides reliable performance under $1,500 with grain capacities from 24k to 64k",Claim,qualitywatertreatment.com,62,https://qualitywatertreatment.com/pages/water-softener-brands-you-can-trust?srsltid=AfmBOopqKXqUEqJ9-RmcnT7mH6P3mk5plP3CaWaW6609uIxBttwgTojq
We're also impressed by brands that demonstrate innovation through smart technology and energy-efficient regeneration methods,Claim,qualitywatertreatment.com,62,https://qualitywatertreatment.com/pages/water-softener-brands-you-can-trust?srsltid=AfmBOopqKXqUEqJ9-RmcnT7mH6P3mk5plP3CaWaW6609uIxBttwgTojq
"For budget-conscious homeowners, the Fleck 5600SXT delivers exceptional performance under $1,500 with capacities ranging from 24k to 64k grains",Claim,qualitywatertreatment.com,62,https://qualitywatertreatment.com/pages/water-softener-brands-you-can-trust?srsltid=AfmBOopqKXqUEqJ9-RmcnT7mH6P3mk5plP3CaWaW6609uIxBttwgTojq
"Meanwhile, the Whirlpool WHES40E specifically targets well water challenges with its 40,000 grain capacity and helpful maintenance alerts",Claim,qualitywatertreatment.com,62,https://qualitywatertreatment.com/pages/water-softener-brands-you-can-trust?srsltid=AfmBOopqKXqUEqJ9-RmcnT7mH6P3mk5plP3CaWaW6609uIxBttwgTojq
"For instance, a family of four with 10 GPG hardness would need at least a 32,000-grain capacity unit for effective softening water",Claim,qualitywatertreatment.com,62,https://qualitywatertreatment.com/pages/water-softener-brands-you-can-trust?srsltid=AfmBOopqKXqUEqJ9-RmcnT7mH6P3mk5plP3CaWaW6609uIxBttwgTojq
"Geological Survey, about 85% of U",Claim,filtergearlab.com,63,https://filtergearlab.com/best/best-water-softener/
Hard water by the numbers About 85% of U,Claim,filtergearlab.com,63,https://filtergearlab.com/best/best-water-softener/
Water hardness is measured in grains per gallon (gpg) : water is considered “hard” above 7 gpg and “very hard” above 10,Claim,filtergearlab.com,63,https://filtergearlab.com/best/best-water-softener/
Salt-saving technology — Whirlpool rates it to use up to 50% less salt than timer-based units,Claim,filtergearlab.com,63,https://filtergearlab.com/best/best-water-softener/
"NSF certified for hardness, iron (up to 10 ppm), and barium/radium reduction",Claim,filtergearlab.com,63,https://filtergearlab.com/best/best-water-softener/
5% of hardness in homes ranging from 15 to more than 30 grains per gallon — the performance gap that separates ion exchange from TAC,Claim,filtergearlab.com,63,https://filtergearlab.com/best/best-water-softener/
Both carry SpringWell’s lifetime warranty on tanks and valves and a 6-month money-back guarantee,Claim,filtergearlab.com,63,https://filtergearlab.com/best/best-water-softener/
5 gpg (180 mg/L) as very hard,Claim,filtergearlab.com,63,https://filtergearlab.com/best/best-water-softener/
A $10 test strip kit or your utility’s water quality report tells you your number,Claim,filtergearlab.com,63,https://filtergearlab.com/best/best-water-softener/
People × 75 gallons/day × hardness (gpg) = daily grains,Claim,filtergearlab.com,63,https://filtergearlab.com/best/best-water-softener/
"Pick a capacity that regenerates about once a week — 32,000–48,000 grains covers most families",Claim,filtergearlab.com,63,https://filtergearlab.com/best/best-water-softener/
Geological Survey as hard above 121 mg/L (about 7 grains per gallon) and very hard above 180 mg/L (about 10,Claim,filtergearlab.com,63,https://filtergearlab.com/best/best-water-softener/
5 grains per gallon),Claim,filtergearlab.com,63,https://filtergearlab.com/best/best-water-softener/
"Below about 3 grains per gallon a softener is usually unnecessary; between 3 and 7 grains, a salt-free conditioner is often enough to prevent scale",Claim,filtergearlab.com,63,https://filtergearlab.com/best/best-water-softener/
Key Takeaways Culligan offers extensive water testing services with 89 years of expertise for customized water softening solutions,Claim,qualitywatertreatment.com,66,https://qualitywatertreatment.com/pages/water-testing-compatible-best-water-softener-brands?srsltid=AfmBOopB2Ptrcf2KWbzU7QNTBh2BLvvNQpO5vHGz_5i-OzmqhTaric4G
71 GPG) to soft water (0,Claim,qualitywatertreatment.com,66,https://qualitywatertreatment.com/pages/water-testing-compatible-best-water-softener-brands?srsltid=AfmBOopB2Ptrcf2KWbzU7QNTBh2BLvvNQpO5vHGz_5i-OzmqhTaric4G
34 GPG) with testing-verified results,Claim,qualitywatertreatment.com,66,https://qualitywatertreatment.com/pages/water-testing-compatible-best-water-softener-brands?srsltid=AfmBOopB2Ptrcf2KWbzU7QNTBh2BLvvNQpO5vHGz_5i-OzmqhTaric4G
"Meanwhile, Culligan's smart technology features, backed by 89 years of experience, deliver efficiency that's hard to beat",Claim,qualitywatertreatment.com,66,https://qualitywatertreatment.com/pages/water-testing-compatible-best-water-softener-brands?srsltid=AfmBOopB2Ptrcf2KWbzU7QNTBh2BLvvNQpO5vHGz_5i-OzmqhTaric4G
Hardness Level GPG Range Recommended Action Soft 0-3 No softener needed Moderately Hard 3-7 Consider softening Hard 7-10,Claim,qualitywatertreatment.com,66,https://qualitywatertreatment.com/pages/water-testing-compatible-best-water-softener-brands?srsltid=AfmBOopB2Ptrcf2KWbzU7QNTBh2BLvvNQpO5vHGz_5i-OzmqhTaric4G
"The best systems handle anywhere from 24,000 to 80,000 grains—plenty for most households' needs",Claim,qualitywatertreatment.com,66,https://qualitywatertreatment.com/pages/water-testing-compatible-best-water-softener-brands?srsltid=AfmBOopB2Ptrcf2KWbzU7QNTBh2BLvvNQpO5vHGz_5i-OzmqhTaric4G
"That's real savings! The Kinetico Premier XP Series exemplifies this evolution, removing an impressive 5,423 grains of hardness per pound of salt",Claim,qualitywatertreatment.com,66,https://qualitywatertreatment.com/pages/water-testing-compatible-best-water-softener-brands?srsltid=AfmBOopB2Ptrcf2KWbzU7QNTBh2BLvvNQpO5vHGz_5i-OzmqhTaric4G
71 GPG hardness levels to a gentle 0,Claim,qualitywatertreatment.com,66,https://qualitywatertreatment.com/pages/water-testing-compatible-best-water-softener-brands?srsltid=AfmBOopB2Ptrcf2KWbzU7QNTBh2BLvvNQpO5vHGz_5i-OzmqhTaric4G
"34 GPG, breathing new life into your home's plumbing",Claim,qualitywatertreatment.com,66,https://qualitywatertreatment.com/pages/water-testing-compatible-best-water-softener-brands?srsltid=AfmBOopB2Ptrcf2KWbzU7QNTBh2BLvvNQpO5vHGz_5i-OzmqhTaric4G
"With over 50 years of industry experience, they've perfected the delicate balance between reliability and innovation",Claim,qualitywatertreatment.com,66,https://qualitywatertreatment.com/pages/water-testing-compatible-best-water-softener-brands?srsltid=AfmBOopB2Ptrcf2KWbzU7QNTBh2BLvvNQpO5vHGz_5i-OzmqhTaric4G
We're particularly impressed by the 5600SXT model's digital control head that transforms complex water testing data into actionable settings,Claim,qualitywatertreatment.com,66,https://qualitywatertreatment.com/pages/water-testing-compatible-best-water-softener-brands?srsltid=AfmBOopB2Ptrcf2KWbzU7QNTBh2BLvvNQpO5vHGz_5i-OzmqhTaric4G
"Which Water Softeners Last the Longest? We've found that Kinetico Premier XP units lead the pack, lasting over 20 years",Claim,qualitywatertreatment.com,66,https://qualitywatertreatment.com/pages/water-testing-compatible-best-water-softener-brands?srsltid=AfmBOopB2Ptrcf2KWbzU7QNTBh2BLvvNQpO5vHGz_5i-OzmqhTaric4G
"SoftPro Elite systems follow closely with their 20-year resin, while Fleck and SpringWell offer impressive 10-15 year lifespans",Claim,qualitywatertreatment.com,66,https://qualitywatertreatment.com/pages/water-testing-compatible-best-water-softener-brands?srsltid=AfmBOopB2Ptrcf2KWbzU7QNTBh2BLvvNQpO5vHGz_5i-OzmqhTaric4G
"It also comes with a lifetime warranty against defects, free shipping, and a six-month money-back guarantee",Claim,www.drinking-water.co,67,https://www.drinking-water.co/softener/best/
I recommend having your well water tested to find out exactly what you’re dealing with,Claim,www.drinking-water.co,67,https://www.drinking-water.co/softener/best/
Save 5% off the SS4 using the exclusive discount code: DW5OFF 2,Claim,www.drinking-water.co,67,https://www.drinking-water.co/softener/best/
"Pros The US Water Systems Matrixx Smart Metered Water Softener MXX-150 has a grain capacity of 48,000 grains, like the SpringWell",Claim,www.drinking-water.co,67,https://www.drinking-water.co/softener/best/
"&nbsp; This means that the system is capable of removing up to 48,000 grains of hardness-causing minerals from water before needing to regenerate",Claim,www.drinking-water.co,67,https://www.drinking-water.co/softener/best/
"The Matrixx water softener can deliver a reliable flow rate of up to 15 gallons per minute (gpm), making it suitable for high-demand applications",Claim,www.drinking-water.co,67,https://www.drinking-water.co/softener/best/
"However, you’ll have to program it on its digital display, not a smartphone app",Claim,www.drinking-water.co,67,https://www.drinking-water.co/softener/best/
You might not like the digital controls,Claim,www.drinking-water.co,67,https://www.drinking-water.co/softener/best/
"&nbsp; It’s available with a two-year full parts and labor warranty, three years on the electronics, and 10 years on the tank",Claim,www.drinking-water.co,67,https://www.drinking-water.co/softener/best/
The parts and labor warranty can be extended to 10 years with the use of the Whirlpool Water Softener Cleanser,Claim,www.drinking-water.co,67,https://www.drinking-water.co/softener/best/
"This digital control has fewer parts and is virtually trouble-free, providing accurate and reliable water softening operations",Claim,www.drinking-water.co,67,https://www.drinking-water.co/softener/best/
"A lot of consumers are switching to them for environmental and health reasons, so I knew I should include one in this review",Claim,www.drinking-water.co,67,https://www.drinking-water.co/softener/best/
The SpringWell water softener is reasonably priced and has a lifetime warranty and a six-month money-back guarantee,Claim,www.drinking-water.co,67,https://www.drinking-water.co/softener/best/
You should consider this system for its high capacity and flow rate as well as its effectiveness at removing hardness-causing minerals from water,Claim,www.drinking-water.co,67,https://www.drinking-water.co/softener/best/
This water softener has a digital control head with a bypass valve that controls the whole process,Claim,www.bestadvisor.com,70,https://www.bestadvisor.com/water-softeners
"In addition, if the power supply is off, the system can run on the internal power backup for 48 hours",Claim,www.bestadvisor.com,70,https://www.bestadvisor.com/water-softeners
The warranty on the tank lasts 10 years,Claim,www.bestadvisor.com,70,https://www.bestadvisor.com/water-softeners
The digital control head built on the tried and true 5600 valve boasts an exceptional 5-year warranty,Claim,www.bestadvisor.com,70,https://www.bestadvisor.com/water-softeners
"However, the valve had outstanding testing results, which reported its ability to run continuously for up to 27 years",Claim,www.bestadvisor.com,70,https://www.bestadvisor.com/water-softeners
You will also notice that this water softener has a lifetime warranty,Claim,www.bestadvisor.com,70,https://www.bestadvisor.com/water-softeners
"As a result, this filter starts regeneration only when it is necessary and uses the salt by 50% more efficiently than other water softening units",Claim,www.bestadvisor.com,70,https://www.bestadvisor.com/water-softeners
"The last but not least, this fantastic softener will be able to cope even with the hardest water of up to 95 GPG",Claim,www.bestadvisor.com,70,https://www.bestadvisor.com/water-softeners
"In addition, the fact that the manufacturer supports this product with a lifetime warranty speaks volumes in itself",Claim,www.bestadvisor.com,70,https://www.bestadvisor.com/water-softeners
"For example, the flow rate of 7 GPM is undoubtedly high enough for such system and quite sufficient for average household needs",Claim,www.bestadvisor.com,70,https://www.bestadvisor.com/water-softeners
"In this case, we recommend using an iron-removing product for more effective cleaning",Claim,www.bestadvisor.com,70,https://www.bestadvisor.com/water-softeners
"The price range ($600-$4,000) might seem steep, but wait until you see the transformation in your home's water quality",Claim,www.softprowatersystems.com,71,https://www.softprowatersystems.com/pages/top-brands-of-water-softeners-believe?srsltid=AfmBOoqY8ebriZYFNzDXm5seSTKjtWcG6CTpRGqgQpVHQACw2BlYXv6n
5% of hardness minerals while their FutureSoft offers 99,Claim,www.softprowatersystems.com,71,https://www.softprowatersystems.com/pages/top-brands-of-water-softeners-believe?srsltid=AfmBOoqY8ebriZYFNzDXm5seSTKjtWcG6CTpRGqgQpVHQACw2BlYXv6n
"Kinetico's dual-tank systems provide uninterrupted soft water with prices ranging from $600-$3,000",Claim,www.softprowatersystems.com,71,https://www.softprowatersystems.com/pages/top-brands-of-water-softeners-believe?srsltid=AfmBOoqY8ebriZYFNzDXm5seSTKjtWcG6CTpRGqgQpVHQACw2BlYXv6n
Modern systems from DROP and SoftPro Elite use smart technology to analyze water usage patterns for personalized treatment,Claim,www.softprowatersystems.com,71,https://www.softprowatersystems.com/pages/top-brands-of-water-softeners-believe?srsltid=AfmBOoqY8ebriZYFNzDXm5seSTKjtWcG6CTpRGqgQpVHQACw2BlYXv6n
"5% of calcium and magnesium hardness, delivering softened water that revolutionizes daily life",Claim,www.softprowatersystems.com,71,https://www.softprowatersystems.com/pages/top-brands-of-water-softeners-believe?srsltid=AfmBOoqY8ebriZYFNzDXm5seSTKjtWcG6CTpRGqgQpVHQACw2BlYXv6n
"Kinetico's non-electric, dual-tank systems ($600-$3,000) offer uninterrupted soft water, making them ideal for high-usage households",Claim,www.softprowatersystems.com,71,https://www.softprowatersystems.com/pages/top-brands-of-water-softeners-believe?srsltid=AfmBOoqY8ebriZYFNzDXm5seSTKjtWcG6CTpRGqgQpVHQACw2BlYXv6n
"Culligan's smart technology comes with higher installation costs but delivers 85+ years of expertise at $500-$2,500",Claim,www.softprowatersystems.com,71,https://www.softprowatersystems.com/pages/top-brands-of-water-softeners-believe?srsltid=AfmBOoqY8ebriZYFNzDXm5seSTKjtWcG6CTpRGqgQpVHQACw2BlYXv6n
"For budget-conscious homeowners, Fleck's 5600SXT ($600-$1,600) provides remarkable durability without breaking the bank",Claim,www.softprowatersystems.com,71,https://www.softprowatersystems.com/pages/top-brands-of-water-softeners-believe?srsltid=AfmBOoqY8ebriZYFNzDXm5seSTKjtWcG6CTpRGqgQpVHQACw2BlYXv6n
Installing dedicated unsoftened taps for drinking and cooking helps balance the environmental impact while maintaining scale prevention benefits,Claim,www.softprowatersystems.com,71,https://www.softprowatersystems.com/pages/top-brands-of-water-softeners-believe?srsltid=AfmBOoqY8ebriZYFNzDXm5seSTKjtWcG6CTpRGqgQpVHQACw2BlYXv6n
"The SS water softener systems have some of the best technology, with automatic regeneration and Bluetooth control",Claim,watertechadvice.com,73,https://watertechadvice.com/best-water-softeners/
"With a lifetime warranty and excellent customer service, it is an ideal choice if you’re going salt-free",Claim,watertechadvice.com,73,https://watertechadvice.com/best-water-softeners/
&nbsp; The salt-free system works really well at conditioning water with up to 81 GPG hardness and preventing 99,Claim,watertechadvice.com,73,https://watertechadvice.com/best-water-softeners/
6% of scale formation with a lifelong warranty,Claim,watertechadvice.com,73,https://watertechadvice.com/best-water-softeners/
It boasts automatic regeneration and a digital display,Claim,watertechadvice.com,73,https://watertechadvice.com/best-water-softeners/
"The digital display allows you to monitor the settings on your softener, ensuring it&#8217;s as efficient as possible",Claim,watertechadvice.com,73,https://watertechadvice.com/best-water-softeners/
&nbsp; We still prefer the Springwell Futuresoft over this model because of its impressive 81 GPG hardness capability,Claim,watertechadvice.com,73,https://watertechadvice.com/best-water-softeners/
"The EVO comes in a single size for homes with up to 6 people and a flow rate of 15 GPM, which is pretty decent",Claim,watertechadvice.com,73,https://watertechadvice.com/best-water-softeners/
"It costs less than $1500 and offers a good flow rate, grain volume, and metered regeneration",Claim,watertechadvice.com,73,https://watertechadvice.com/best-water-softeners/
"You can choose from models ranging from 26,000 to 70,000 grains per gallon to fit any size home",Claim,watertechadvice.com,73,https://watertechadvice.com/best-water-softeners/
"Another thing to consider is that this model offers a 6-year warranty, much less than many competing brands offering a lifetime warranty",Claim,watertechadvice.com,73,https://watertechadvice.com/best-water-softeners/
"It performs well against iron and hardness, removing hardness up to 70 GPG, irons up to 4-7 ppm, manganese up to 6 ppm, sediment, sand, and rust",Claim,watertechadvice.com,73,https://watertechadvice.com/best-water-softeners/
"Kenmore &#8211; We wouldn’t recommend them due to the subpar customer service and mediocre products, but they can get the job done",Claim,watertechadvice.com,73,https://watertechadvice.com/best-water-softeners/
"We don’t recommend a descaler for moderately to hard water, though",Claim,watertechadvice.com,73,https://watertechadvice.com/best-water-softeners/
"Overall, we don’t think they stack up against our recommended models above",Claim,watertechadvice.com,73,https://watertechadvice.com/best-water-softeners/
We wouldn’t recommend them first,Claim,watertechadvice.com,73,https://watertechadvice.com/best-water-softeners/
"Water with more than 7 grains per gallon (GPG) is considered hard water, whereas between 3",Claim,watertechadvice.com,73,https://watertechadvice.com/best-water-softeners/
5 and 7 GPG is moderately hard,Claim,watertechadvice.com,73,https://watertechadvice.com/best-water-softeners/
Grains/Gallon mG/L or PPM Hardness Classification Less than 1 Less than 17,Claim,watertechadvice.com,73,https://watertechadvice.com/best-water-softeners/
5-7 60-120 Moderately Hard 7-10 120-180 Hard Over 10 Over 180 Very Hard 1 GPG = 17,Claim,watertechadvice.com,73,https://watertechadvice.com/best-water-softeners/
1 ppm You can learn more about hard water vs,Claim,watertechadvice.com,73,https://watertechadvice.com/best-water-softeners/
One of our recommended portable water softeners is the On The Go Portable Softener,Claim,watertechadvice.com,73,https://watertechadvice.com/best-water-softeners/
"For example, a whole house reverse osmosis machine usually runs in the $4,000 to $10,000 range, while a water softener is around $1,000",Claim,watertechadvice.com,73,https://watertechadvice.com/best-water-softeners/
"If you have hard water, we recommend installing a water softener for your whole house at the point of entry",Claim,watertechadvice.com,73,https://watertechadvice.com/best-water-softeners/
You can find this on your municipal water bill – or assume that each person in your household uses around 80 gallons daily,Claim,watertechadvice.com,73,https://watertechadvice.com/best-water-softeners/
"Still, if a unit has been certified by NSF, it gives it an added level of credibility",Claim,watertechadvice.com,73,https://watertechadvice.com/best-water-softeners/
"The system should have at least a 2-3 year warranty, but we suggest you buy a product with at least a 5-10 year warranty and, ideally, lifetime",Claim,watertechadvice.com,73,https://watertechadvice.com/best-water-softeners/
"Water softener costs range from as low as $300 to as high as $3,000",Claim,watertechadvice.com,73,https://watertechadvice.com/best-water-softeners/
Bypass valve – Only some softener systems come with a bypass valve,Claim,watertechadvice.com,73,https://watertechadvice.com/best-water-softeners/
"Conclusion After reviewing the best water softeners on the market, we recommend a few choices for the best water softener for your home",Claim,watertechadvice.com,73,https://watertechadvice.com/best-water-softeners/
"If you are looking for our top recommendation and want a whole-house, salt-based softener, Springwell’s SS is your best water softener system choice",Claim,watertechadvice.com,73,https://watertechadvice.com/best-water-softeners/
"34 GPG, making it ideal for very hard water homes",Claim,qualitywatertreatment.com,74,https://qualitywatertreatment.com/pages/comparison-of-best-water-softeners?srsltid=AfmBOopRKDFBg0YVcWO7_zKOeJ-2xj_ZqnUgX0tSTMIafBvfdcIpYdLj
"SoftPro Elite uses 50% less salt with a 15 GPM flow rate, perfect for large families needing efficient performance",Claim,qualitywatertreatment.com,74,https://qualitywatertreatment.com/pages/comparison-of-best-water-softeners?srsltid=AfmBOopRKDFBg0YVcWO7_zKOeJ-2xj_ZqnUgX0tSTMIafBvfdcIpYdLj
"Before investing in water softening systems, we recommend conducting water tests to determine your specific hardness levels",Claim,qualitywatertreatment.com,74,https://qualitywatertreatment.com/pages/comparison-of-best-water-softeners?srsltid=AfmBOopRKDFBg0YVcWO7_zKOeJ-2xj_ZqnUgX0tSTMIafBvfdcIpYdLj
"For example, a family of four with 12 GPG hardness needs a minimum 2,400-grain capacity daily",Claim,qualitywatertreatment.com,74,https://qualitywatertreatment.com/pages/comparison-of-best-water-softeners?srsltid=AfmBOopRKDFBg0YVcWO7_zKOeJ-2xj_ZqnUgX0tSTMIafBvfdcIpYdLj
Salt-based systems need regular upkeep – monthly salt replenishment and resin replacement every 8 years,Claim,qualitywatertreatment.com,74,https://qualitywatertreatment.com/pages/comparison-of-best-water-softeners?srsltid=AfmBOopRKDFBg0YVcWO7_zKOeJ-2xj_ZqnUgX0tSTMIafBvfdcIpYdLj
"The SoftPro ECO offers NSF-certified performance for about $500, while Whirlpool WHES40E delivers impressive 97",Claim,qualitywatertreatment.com,77,https://qualitywatertreatment.com/pages/top-affordable-water-softener-brands?srsltid=AfmBOoox80C1HbKubO_oGIUavb8df1kLptYFjiq7T3V1RIBR49uaS0bK
5% hardness reduction at $739,Claim,qualitywatertreatment.com,77,https://qualitywatertreatment.com/pages/top-affordable-water-softener-brands?srsltid=AfmBOoox80C1HbKubO_oGIUavb8df1kLptYFjiq7T3V1RIBR49uaS0bK
"For longevity, consider Fleck 5600SXT starting at $1,189 with efficient metered regeneration",Claim,qualitywatertreatment.com,77,https://qualitywatertreatment.com/pages/top-affordable-water-softener-brands?srsltid=AfmBOoox80C1HbKubO_oGIUavb8df1kLptYFjiq7T3V1RIBR49uaS0bK
These budget-friendly brands combine quality performance with manageable maintenance costs around $100 annually,Claim,qualitywatertreatment.com,77,https://qualitywatertreatment.com/pages/top-affordable-water-softener-brands?srsltid=AfmBOoox80C1HbKubO_oGIUavb8df1kLptYFjiq7T3V1RIBR49uaS0bK
Key Takeaways SoftPro ECO offers excellent value at $500 with NSF-certified ion exchange technology and effective hardness removal,Claim,qualitywatertreatment.com,77,https://qualitywatertreatment.com/pages/top-affordable-water-softener-brands?srsltid=AfmBOoox80C1HbKubO_oGIUavb8df1kLptYFjiq7T3V1RIBR49uaS0bK
5% hardness reduction for $739 with high customer satisfaction ratings,Claim,qualitywatertreatment.com,77,https://qualitywatertreatment.com/pages/top-affordable-water-softener-brands?srsltid=AfmBOoox80C1HbKubO_oGIUavb8df1kLptYFjiq7T3V1RIBR49uaS0bK
"Fleck 5600SXT starts at $1,189 with multiple grain capacity options and efficient metered regeneration",Claim,qualitywatertreatment.com,77,https://qualitywatertreatment.com/pages/top-affordable-water-softener-brands?srsltid=AfmBOoox80C1HbKubO_oGIUavb8df1kLptYFjiq7T3V1RIBR49uaS0bK
All top budget brands maintain NSF certifications with annual maintenance costs averaging around $100,Claim,qualitywatertreatment.com,77,https://qualitywatertreatment.com/pages/top-affordable-water-softener-brands?srsltid=AfmBOoox80C1HbKubO_oGIUavb8df1kLptYFjiq7T3V1RIBR49uaS0bK
"Whirlpool's WHES40E, priced at $739, impresses with its remarkable 97",Claim,qualitywatertreatment.com,77,https://qualitywatertreatment.com/pages/top-affordable-water-softener-brands?srsltid=AfmBOoox80C1HbKubO_oGIUavb8df1kLptYFjiq7T3V1RIBR49uaS0bK
5% reduction in hardness and user-friendly design that requires minimal maintenance,Claim,qualitywatertreatment.com,77,https://qualitywatertreatment.com/pages/top-affordable-water-softener-brands?srsltid=AfmBOoox80C1HbKubO_oGIUavb8df1kLptYFjiq7T3V1RIBR49uaS0bK
5% hardness reduction for $739 - outstanding performance-to-price ratio,Claim,qualitywatertreatment.com,77,https://qualitywatertreatment.com/pages/top-affordable-water-softener-brands?srsltid=AfmBOoox80C1HbKubO_oGIUavb8df1kLptYFjiq7T3V1RIBR49uaS0bK
"Fleck 5600SXT offers remarkable flexibility with 24K-64K grain options at $1,189, with smart metered regeneration",Claim,qualitywatertreatment.com,77,https://qualitywatertreatment.com/pages/top-affordable-water-softener-brands?srsltid=AfmBOoox80C1HbKubO_oGIUavb8df1kLptYFjiq7T3V1RIBR49uaS0bK
"Aquasure Harmony Series handles larger households with up to 48,000 grain capacity without breaking the bank",Claim,qualitywatertreatment.com,77,https://qualitywatertreatment.com/pages/top-affordable-water-softener-brands?srsltid=AfmBOoox80C1HbKubO_oGIUavb8df1kLptYFjiq7T3V1RIBR49uaS0bK
"Installation costs typically range from $900 to $3,300, varying with system type and local labor rates",Claim,qualitywatertreatment.com,77,https://qualitywatertreatment.com/pages/top-affordable-water-softener-brands?srsltid=AfmBOoox80C1HbKubO_oGIUavb8df1kLptYFjiq7T3V1RIBR49uaS0bK
"You'll spend roughly $100 annually on salt, with most households needing one 40-pound bag monthly",Claim,qualitywatertreatment.com,77,https://qualitywatertreatment.com/pages/top-affordable-water-softener-brands?srsltid=AfmBOoox80C1HbKubO_oGIUavb8df1kLptYFjiq7T3V1RIBR49uaS0bK
Budget-friendly water softeners like the Whirlpool WHES40E keep maintenance simple—just $100 yearly for monthly salt refills,Claim,qualitywatertreatment.com,77,https://qualitywatertreatment.com/pages/top-affordable-water-softener-brands?srsltid=AfmBOoox80C1HbKubO_oGIUavb8df1kLptYFjiq7T3V1RIBR49uaS0bK
Be mindful of warranty coverage—economy models typically offer just 1-5 years of protection compared to premium alternatives,Claim,qualitywatertreatment.com,77,https://qualitywatertreatment.com/pages/top-affordable-water-softener-brands?srsltid=AfmBOoox80C1HbKubO_oGIUavb8df1kLptYFjiq7T3V1RIBR49uaS0bK
Maintenance costs average just $100 annually for salt refills—a fraction of what you'd spend on bottled water or cleaning products,Claim,qualitywatertreatment.com,77,https://qualitywatertreatment.com/pages/top-affordable-water-softener-brands?srsltid=AfmBOoox80C1HbKubO_oGIUavb8df1kLptYFjiq7T3V1RIBR49uaS0bK
Which Company Is Best for Water Softener? We recommend Fleck as the best water softener company,Claim,qualitywatertreatment.com,77,https://qualitywatertreatment.com/pages/top-affordable-water-softener-brands?srsltid=AfmBOoox80C1HbKubO_oGIUavb8df1kLptYFjiq7T3V1RIBR49uaS0bK
"Multiply your people count by 75 gallons, then by your water's GPG (grains per gallon) rating",Claim,www.softprowatersystems.com,80,https://www.softprowatersystems.com/pages/best-water-softener-brands?srsltid=AfmBOophlWtUWBCWU5pbNoO496Mw6GXPTsCdZnw5M2mGEplNqKANkPIW
"Four people with 8 GPG water need roughly 2,400 grains daily",Claim,www.softprowatersystems.com,80,https://www.softprowatersystems.com/pages/best-water-softener-brands?srsltid=AfmBOophlWtUWBCWU5pbNoO496Mw6GXPTsCdZnw5M2mGEplNqKANkPIW
"From there, target a unit that regenerates every 5–10 days, so you'd want 12,000–24,000 grains of headroom minimum",Claim,www.softprowatersystems.com,80,https://www.softprowatersystems.com/pages/best-water-softener-brands?srsltid=AfmBOophlWtUWBCWU5pbNoO496Mw6GXPTsCdZnw5M2mGEplNqKANkPIW
"p&gt; Hard water above 30 GPG? Consider a 50,000–80,000-grain unit or a twin-alternating system entirely",Claim,www.softprowatersystems.com,80,https://www.softprowatersystems.com/pages/best-water-softener-brands?srsltid=AfmBOophlWtUWBCWU5pbNoO496Mw6GXPTsCdZnw5M2mGEplNqKANkPIW
"5%) and Whirlpool WHES40E, which bottomed out at 0 GPG under certain test conditions",Claim,www.softprowatersystems.com,80,https://www.softprowatersystems.com/pages/best-water-softener-brands?srsltid=AfmBOophlWtUWBCWU5pbNoO496Mw6GXPTsCdZnw5M2mGEplNqKANkPIW
"If you're comfortable with basic tools and a bypass valve, you won't need a plumber",Claim,www.softprowatersystems.com,80,https://www.softprowatersystems.com/pages/best-water-softener-brands?srsltid=AfmBOophlWtUWBCWU5pbNoO496Mw6GXPTsCdZnw5M2mGEplNqKANkPIW
"5% hardness reduction with capacities reaching 80,000 grains, making it a reliable option for whole-home softening",Claim,www.softprowatersystems.com,80,https://www.softprowatersystems.com/pages/best-water-softener-brands?srsltid=AfmBOophlWtUWBCWU5pbNoO496Mw6GXPTsCdZnw5M2mGEplNqKANkPIW
"5% hardness reduction, handles 80,000 grains, and pushes 20 GPM, which works well for moderately demanding households",Claim,www.softprowatersystems.com,80,https://www.softprowatersystems.com/pages/best-water-softener-brands?srsltid=AfmBOophlWtUWBCWU5pbNoO496Mw6GXPTsCdZnw5M2mGEplNqKANkPIW
"The best systems feature NSF certification, efficient regeneration, and can last 15-30 years with proper maintenance",Claim,qualitywatertreatment.com,82,https://qualitywatertreatment.com/pages/best-water-softener-brands-reliability?srsltid=AfmBOoohJNTv4vQfhEhT0J1fdOWACGOPCqvDnkBUJK3eAUqVvr5WMQG_
"Fleck 5600SXT offers excellent reliability at lower cost ($600-$1,600) with proven 97% reduction in water hardness",Claim,qualitywatertreatment.com,82,https://qualitywatertreatment.com/pages/best-water-softener-brands-reliability?srsltid=AfmBOoohJNTv4vQfhEhT0J1fdOWACGOPCqvDnkBUJK3eAUqVvr5WMQG_
"Dual tank systems typically outlast single tank models, often exceeding 30 years of service with proper maintenance",Claim,qualitywatertreatment.com,82,https://qualitywatertreatment.com/pages/best-water-softener-brands-reliability?srsltid=AfmBOoohJNTv4vQfhEhT0J1fdOWACGOPCqvDnkBUJK3eAUqVvr5WMQG_
Salt-based softeners from SpringWell and EcoWater provide 15-30 year lifespans with NSF certifications ensuring performance standards,Claim,qualitywatertreatment.com,82,https://qualitywatertreatment.com/pages/best-water-softener-brands-reliability?srsltid=AfmBOoohJNTv4vQfhEhT0J1fdOWACGOPCqvDnkBUJK3eAUqVvr5WMQG_
"We're particularly impressed by Kinetico's non-electric dual-tank systems ($600-$3,000) that guarantee uninterrupted soft water supply",Claim,qualitywatertreatment.com,82,https://qualitywatertreatment.com/pages/best-water-softener-brands-reliability?srsltid=AfmBOoohJNTv4vQfhEhT0J1fdOWACGOPCqvDnkBUJK3eAUqVvr5WMQG_
Which Water Softeners Last the Longest? We've found dual tank systems like Kinetico typically last longest—over 20 years,Claim,qualitywatertreatment.com,82,https://qualitywatertreatment.com/pages/best-water-softener-brands-reliability?srsltid=AfmBOoohJNTv4vQfhEhT0J1fdOWACGOPCqvDnkBUJK3eAUqVvr5WMQG_
"Morton's Clean and Protect prevents salt bridges, while Nature's Own offers potassium chloride for those monitoring sodium intake",Claim,qualitywatertreatment.com,82,https://qualitywatertreatment.com/pages/best-water-softener-brands-reliability?srsltid=AfmBOoohJNTv4vQfhEhT0J1fdOWACGOPCqvDnkBUJK3eAUqVvr5WMQG_
Smart valve innovations from premium brands reduce salt consumption by up to 50%,Claim,www.softprowatersystems.com,83,https://www.softprowatersystems.com/pages/water-softener-brands-reliability-homeowners-trust?srsltid=AfmBOopnqJuqMdYttjTuf6oO0WaQPl-oY8pfanRgdHWqgNcgGYVwaz8c
5/5 customer satisfaction with 85+ years of expertise and smart technology integration,Claim,www.softprowatersystems.com,83,https://www.softprowatersystems.com/pages/water-softener-brands-reliability-homeowners-trust?srsltid=AfmBOopnqJuqMdYttjTuf6oO0WaQPl-oY8pfanRgdHWqgNcgGYVwaz8c
"Fleck's 5600SXT model combines budget-friendly pricing with exceptional durability for long-term value under $1,500",Claim,www.softprowatersystems.com,83,https://www.softprowatersystems.com/pages/water-softener-brands-reliability-homeowners-trust?srsltid=AfmBOopnqJuqMdYttjTuf6oO0WaQPl-oY8pfanRgdHWqgNcgGYVwaz8c
SoftPro Elite's metered regeneration system reduces salt usage by 50% while extending system lifespan,Claim,www.softprowatersystems.com,83,https://www.softprowatersystems.com/pages/water-softener-brands-reliability-homeowners-trust?srsltid=AfmBOopnqJuqMdYttjTuf6oO0WaQPl-oY8pfanRgdHWqgNcgGYVwaz8c
"Rheem demonstrated 50% hardness reduction in 1,500-hour testing, decreasing levels from 14 GPG to 7 GPG",Claim,www.softprowatersystems.com,83,https://www.softprowatersystems.com/pages/water-softener-brands-reliability-homeowners-trust?srsltid=AfmBOopnqJuqMdYttjTuf6oO0WaQPl-oY8pfanRgdHWqgNcgGYVwaz8c
"Our test strips revealed Rheem's remarkable performance, slashing water hardness by 50% from 14 GPG to 7 GPG",Claim,www.softprowatersystems.com,83,https://www.softprowatersystems.com/pages/water-softener-brands-reliability-homeowners-trust?srsltid=AfmBOopnqJuqMdYttjTuf6oO0WaQPl-oY8pfanRgdHWqgNcgGYVwaz8c
"5/5 satisfaction rating, leveraging 85+ years of experience with cutting-edge smart technology",Claim,www.softprowatersystems.com,83,https://www.softprowatersystems.com/pages/water-softener-brands-reliability-homeowners-trust?srsltid=AfmBOopnqJuqMdYttjTuf6oO0WaQPl-oY8pfanRgdHWqgNcgGYVwaz8c
"Culligan leverages 85+ years of expertise with smart technology, earning an impressive 4",Claim,www.softprowatersystems.com,83,https://www.softprowatersystems.com/pages/water-softener-brands-reliability-homeowners-trust?srsltid=AfmBOopnqJuqMdYttjTuf6oO0WaQPl-oY8pfanRgdHWqgNcgGYVwaz8c
"For budget-conscious homeowners seeking long-term value, Fleck's 5600SXT delivers remarkable durability under $1,500",Claim,www.softprowatersystems.com,83,https://www.softprowatersystems.com/pages/water-softener-brands-reliability-homeowners-trust?srsltid=AfmBOopnqJuqMdYttjTuf6oO0WaQPl-oY8pfanRgdHWqgNcgGYVwaz8c
"You'll pay $500-$3,000 for the unit itself, plus about $1,000 for professional installation of most systems",Claim,www.softprowatersystems.com,83,https://www.softprowatersystems.com/pages/water-softener-brands-reliability-homeowners-trust?srsltid=AfmBOopnqJuqMdYttjTuf6oO0WaQPl-oY8pfanRgdHWqgNcgGYVwaz8c
8/5 ratings for their reverse osmosis technology that removes 99% of contaminants,Claim,www.softprowatersystems.com,83,https://www.softprowatersystems.com/pages/water-softener-brands-reliability-homeowners-trust?srsltid=AfmBOopnqJuqMdYttjTuf6oO0WaQPl-oY8pfanRgdHWqgNcgGYVwaz8c
"True water softeners use ion exchange technology to remove up to 97% of hardness minerals, protecting your appliances and plumbing",Claim,qualitywatertreatment.com,86,https://qualitywatertreatment.com/pages/best-water-softener-for-home-use-comparison?srsltid=AfmBOoqcO4urGwfqYUOpFkkkq-etblbZ3g9JylEx8agN5N-u97GXCg7X
We recommend salt-based systems for extreme hardness (above 10 GPG) and salt-free alternatives for those on low-sodium diets,Claim,qualitywatertreatment.com,86,https://qualitywatertreatment.com/pages/best-water-softener-for-home-use-comparison?srsltid=AfmBOoqcO4urGwfqYUOpFkkkq-etblbZ3g9JylEx8agN5N-u97GXCg7X
"Water softener grain capacity should match household size, with options ranging from 32,000 to 110,000 grains",Claim,qualitywatertreatment.com,86,https://qualitywatertreatment.com/pages/best-water-softener-for-home-use-comparison?srsltid=AfmBOoqcO4urGwfqYUOpFkkkq-etblbZ3g9JylEx8agN5N-u97GXCg7X
"We've found this approach dramatically outperforms salt-free alternatives, particularly in homes with hardness exceeding 10 GPG",Claim,qualitywatertreatment.com,86,https://qualitywatertreatment.com/pages/best-water-softener-for-home-use-comparison?srsltid=AfmBOoqcO4urGwfqYUOpFkkkq-etblbZ3g9JylEx8agN5N-u97GXCg7X
"With proper care, expect a 10-15 year lifespan from your investment",Claim,qualitywatertreatment.com,86,https://qualitywatertreatment.com/pages/best-water-softener-for-home-use-comparison?srsltid=AfmBOoqcO4urGwfqYUOpFkkkq-etblbZ3g9JylEx8agN5N-u97GXCg7X
"If you're dealing with extremely hard water (up to 70 gpg), the AFWFilters Iron Pro 2 might be your solution",Claim,qualitywatertreatment.com,86,https://qualitywatertreatment.com/pages/best-water-softener-for-home-use-comparison?srsltid=AfmBOoqcO4urGwfqYUOpFkkkq-etblbZ3g9JylEx8agN5N-u97GXCg7X
"Finally, align your budget ($300-$5,000) with both immediate costs and long-term maintenance needs",Claim,qualitywatertreatment.com,86,https://qualitywatertreatment.com/pages/best-water-softener-for-home-use-comparison?srsltid=AfmBOoqcO4urGwfqYUOpFkkkq-etblbZ3g9JylEx8agN5N-u97GXCg7X
"Which Is Better, a Whole House Filter or a Water Softener? Neither is inherently ""better"" - we recommend choosing based on your specific needs",Claim,qualitywatertreatment.com,86,https://qualitywatertreatment.com/pages/best-water-softener-for-home-use-comparison?srsltid=AfmBOoqcO4urGwfqYUOpFkkkq-etblbZ3g9JylEx8agN5N-u97GXCg7X
We'd recommend considering your specific water needs first,Claim,qualitywatertreatment.com,86,https://qualitywatertreatment.com/pages/best-water-softener-for-home-use-comparison?srsltid=AfmBOoqcO4urGwfqYUOpFkkkq-etblbZ3g9JylEx8agN5N-u97GXCg7X
"Fleck 5600SXT is a trusted system starting at $1,189 with impressive hardness reduction capabilities",Claim,qualitywatertreatment.com,92,https://qualitywatertreatment.com/pages/top-brands-of-water-softeners-best-pick?srsltid=AfmBOopinYV1ug9TnaHiI9dFRBkH00OIk0XEMHXuKx0wcZww6yM9RsVi
Aquasure Serene costs approximately $350 and offers salt-free conditioning with lower long-term maintenance expenses,Claim,qualitywatertreatment.com,92,https://qualitywatertreatment.com/pages/top-brands-of-water-softeners-best-pick?srsltid=AfmBOopinYV1ug9TnaHiI9dFRBkH00OIk0XEMHXuKx0wcZww6yM9RsVi
5% of hard minerals through an ingenious ion exchange process that replaces calcium and magnesium with sodium ions,Claim,qualitywatertreatment.com,92,https://qualitywatertreatment.com/pages/top-brands-of-water-softeners-best-pick?srsltid=AfmBOopinYV1ug9TnaHiI9dFRBkH00OIk0XEMHXuKx0wcZww6yM9RsVi
"For truly effective water treatment, we recommend only certified water softeners with NSF recognition",Claim,qualitywatertreatment.com,92,https://qualitywatertreatment.com/pages/top-brands-of-water-softeners-best-pick?srsltid=AfmBOopinYV1ug9TnaHiI9dFRBkH00OIk0XEMHXuKx0wcZww6yM9RsVi
5% of hardness minerals with flow rates up to 20 GPM—perfect for larger homes demanding peak performance,Claim,qualitywatertreatment.com,92,https://qualitywatertreatment.com/pages/top-brands-of-water-softeners-best-pick?srsltid=AfmBOopinYV1ug9TnaHiI9dFRBkH00OIk0XEMHXuKx0wcZww6yM9RsVi
Installation times vary dramatically; the Whirlpool WHES40E takes just 30 minutes while the SoftPro Elite demands up to 4 hours of professional work,Claim,qualitywatertreatment.com,92,https://qualitywatertreatment.com/pages/top-brands-of-water-softeners-best-pick?srsltid=AfmBOopinYV1ug9TnaHiI9dFRBkH00OIk0XEMHXuKx0wcZww6yM9RsVi
Higher capacity systems like the SpringWell SS still demand between $40-$150 monthly,Claim,qualitywatertreatment.com,92,https://qualitywatertreatment.com/pages/top-brands-of-water-softeners-best-pick?srsltid=AfmBOopinYV1ug9TnaHiI9dFRBkH00OIk0XEMHXuKx0wcZww6yM9RsVi
"For proper long-term budgeting, remember that annual salt expenses can exceed $1,200 depending on your frequency of regeneration",Claim,qualitywatertreatment.com,92,https://qualitywatertreatment.com/pages/top-brands-of-water-softeners-best-pick?srsltid=AfmBOopinYV1ug9TnaHiI9dFRBkH00OIk0XEMHXuKx0wcZww6yM9RsVi
"For maximum efficiency, we recommend regular maintenance— particularly checking and cleaning brine tanks in salt-based systems",Claim,qualitywatertreatment.com,92,https://qualitywatertreatment.com/pages/top-brands-of-water-softeners-best-pick?srsltid=AfmBOopinYV1ug9TnaHiI9dFRBkH00OIk0XEMHXuKx0wcZww6yM9RsVi
"At approximately $273-$360, these space-saving options deliver impressive hardness removal without compromising on performance",Claim,qualitywatertreatment.com,92,https://qualitywatertreatment.com/pages/top-brands-of-water-softeners-best-pick?srsltid=AfmBOopinYV1ug9TnaHiI9dFRBkH00OIk0XEMHXuKx0wcZww6yM9RsVi
"&nbsp; The tanks are made from polypropylene, which is known for being lightweight, durable, and corrosion-resistant",Problem/Issue,waterfilterguru.com,1,https://waterfilterguru.com/best-water-softener-reviews/
This helps not only to prevent future scale buildup but also to remove existing scale buildup over time,Problem/Issue,uswatersystems.com,2,https://uswatersystems.com/collections/best-whole-home-water-softeners?srsltid=AfmBOopukW1WqK1JgSn9j5eduWfszdyhmW11MFlTgRoTix20MSQFf5r8
Do you have iron in your water? Iron causes orange/red staining on fixtures and in toilets,Problem/Issue,midatlanticwater.net,3,https://midatlanticwater.net/blogs/faqs/best-water-softener-for-well-water?srsltid=AfmBOopoDsQlzgQaajCNLMrPRIkxdLrPCpuLqM_n_VmECVufdZBJautS
3 to 7 GPG (slightly hard): You may notice minor spotting on dishes and fixtures,Problem/Issue,midatlanticwater.net,3,https://midatlanticwater.net/blogs/faqs/best-water-softener-for-well-water?srsltid=AfmBOopoDsQlzgQaajCNLMrPRIkxdLrPCpuLqM_n_VmECVufdZBJautS
"7 to 10 GPG (moderately hard): Noticeable scale buildup on faucets, reduced soap lathering, and film on shower doors",Problem/Issue,midatlanticwater.net,3,https://midatlanticwater.net/blogs/faqs/best-water-softener-for-well-water?srsltid=AfmBOopoDsQlzgQaajCNLMrPRIkxdLrPCpuLqM_n_VmECVufdZBJautS
Wastes salt if you used less water than expected,Problem/Issue,midatlanticwater.net,3,https://midatlanticwater.net/blogs/faqs/best-water-softener-for-well-water?srsltid=AfmBOopoDsQlzgQaajCNLMrPRIkxdLrPCpuLqM_n_VmECVufdZBJautS
Every MAW softener comes with a stainless steel bypass valve pre-installed,Problem/Issue,midatlanticwater.net,3,https://midatlanticwater.net/blogs/faqs/best-water-softener-for-well-water?srsltid=AfmBOopoDsQlzgQaajCNLMrPRIkxdLrPCpuLqM_n_VmECVufdZBJautS
"For a detailed breakdown, read: Can a Water Softener Remove Iron? Is a salt-free softener worth it? A salt-free system does not soften your water",Problem/Issue,midatlanticwater.net,3,https://midatlanticwater.net/blogs/faqs/best-water-softener-for-well-water?srsltid=AfmBOopoDsQlzgQaajCNLMrPRIkxdLrPCpuLqM_n_VmECVufdZBJautS
01 Longer-lasting Appliances Reduce limescale buildup so water-using appliances run more efficiently,Problem/Issue,www.culligan.com,8,https://www.culligan.com/product-category/water-softeners
"02 Hydrated Hair and Skin Improve dry skin, brittle nails and itchy scalp with every soft water rinse",Problem/Issue,www.culligan.com,8,https://www.culligan.com/product-category/water-softeners
"Will a water softener remove existing scale buildup in my pipes? It can, but it is typically a slow process that happens over a longer period of time",Problem/Issue,www.culligan.com,8,https://www.culligan.com/product-category/water-softeners
"Hard water causes scale buildup within appliances, making them less efficient",Problem/Issue,www.culligan.com,8,https://www.culligan.com/product-category/water-softeners
"If your home is on well water, we recommend lab testing for a precise breakdown of minerals, water hardness and potential contaminants",Problem/Issue,www.callmother.com,16,https://www.callmother.com/blogs/best-water-softener-brands
"From clogging pipes to soap scum on dishes and even dry skin, the effects are quite dire and at most times, costly",Problem/Issue,www.expresswater.com,17,https://www.expresswater.com/blogs/watereducation/top-5-best-water-softener-systems-for-your-home?srsltid=AfmBOopbXSU2rrl-ixMICY_p2JnfrQhPgKMCOzAiXDBXP6dd0cqxaViU
"That’s why we focused on real-world performance, not just polished product pages, to find out which ones actually solve hard water problems",Problem/Issue,qualitywaterlab.com,18,https://qualitywaterlab.com/softeners/
It’s the kind of system local installers recommend because it just doesn’t give you problems,Problem/Issue,qualitywaterlab.com,18,https://qualitywaterlab.com/softeners/
"🚫 No salt-saving logic — It regenerates as programmed, even if your water use drops (wastes salt over time)",Problem/Issue,qualitywaterlab.com,18,https://qualitywaterlab.com/softeners/
🔧 Plastic fittings feel a bit flimsy — Several buyers recommend swapping them for brass upfront to avoid leaks,Problem/Issue,qualitywaterlab.com,18,https://qualitywaterlab.com/softeners/
"🛁 Less effective on very hard water — if your water tests above 15 GPG, you may still see scale or feel film on skin and surfaces",Problem/Issue,qualitywaterlab.com,18,https://qualitywaterlab.com/softeners/
Water regeneration waste – Cheaper models may use 20–50 gallons per cycle,Problem/Issue,qualitywaterlab.com,18,https://qualitywaterlab.com/softeners/
🔍 Not sure what size you need? Oversizing wastes salt and money — undersizing won’t keep up,Problem/Issue,qualitywaterlab.com,18,https://qualitywaterlab.com/softeners/
"🛠️ Inspect Bypass Valve and Fittings : Look for signs of corrosion, leaks, or hardening O-rings — quick fixes now prevent bigger issues later",Problem/Issue,qualitywaterlab.com,18,https://qualitywaterlab.com/softeners/
"Hard water can cause: Scale buildup in pipes and appliances, reducing their lifespan",Problem/Issue,www.northlandwater.com,21,https://www.northlandwater.com/post/top-rated-water-softeners-for-homes-your-guide-to-the-best-rated-water-softeners
Spots and film on dishes and glassware,Problem/Issue,www.northlandwater.com,21,https://www.northlandwater.com/post/top-rated-water-softeners-for-homes-your-guide-to-the-best-rated-water-softeners
"Though they won't soften water in the traditional sense, they'll protect your appliances and plumbing from scale buildup",Problem/Issue,www.softprowatersystems.com,23,https://www.softprowatersystems.com/pages/unveiling-reliable-water-softener-brands?srsltid=AfmBOorEqYWOme4DoMWKm3XYbqq1USsbUhEgv3xzmF4XVZo2IYZ7c7On
These devices are designed to remove minerals from your water supply that may cause scale and corrosion,Problem/Issue,mcgowanh2o.com,25,https://mcgowanh2o.com/what-are-the-best-water-softeners-to-buy/
"Unlike other types of water treatment, they don&#8217;t use chemicals or waste water",Problem/Issue,mcgowanh2o.com,25,https://mcgowanh2o.com/what-are-the-best-water-softeners-to-buy/
"Both are biggies in the world of water softeners, each bringing their A-game to knock those hard water issues flat",Problem/Issue,qualitywatertreatment.com,28,https://qualitywatertreatment.com/pages/best-rated-water-softeners-consumer-reports?srsltid=AfmBOopGUdErt39rdwQHYp6WgsXElXhchl17dHiRFzp28bNo9gWjyyYd
"When you've got consumer reviews singing their praises, both these systems prove themselves over and over for dealing with pesky hard water problems",Problem/Issue,qualitywatertreatment.com,28,https://qualitywatertreatment.com/pages/best-rated-water-softeners-consumer-reports?srsltid=AfmBOopGUdErt39rdwQHYp6WgsXElXhchl17dHiRFzp28bNo9gWjyyYd
5% of water hardness while salt-free alternatives prevent scale buildup without maintenance,Problem/Issue,www.softprowatersystems.com,31,https://www.softprowatersystems.com/pages/best-water-softener-brands-reviewed?srsltid=AfmBOoopxbQEe9LTBPq1JavK4qXyKwuZcAxAaGgB8GDZOGy9So0wxm1G
5% of hardness through ion exchange—perfect if you're battling serious mineral issues,Problem/Issue,www.softprowatersystems.com,31,https://www.softprowatersystems.com/pages/best-water-softener-brands-reviewed?srsltid=AfmBOoopxbQEe9LTBPq1JavK4qXyKwuZcAxAaGgB8GDZOGy9So0wxm1G
Salt-free systems crystallize minerals instead of removing them—preventing scale buildup while keeping maintenance minimal,Problem/Issue,www.softprowatersystems.com,31,https://www.softprowatersystems.com/pages/best-water-softener-brands-reviewed?srsltid=AfmBOoopxbQEe9LTBPq1JavK4qXyKwuZcAxAaGgB8GDZOGy9So0wxm1G
"Your specific water conditions, maintenance preferences, and environmental concerns should guide this important investment decision",Problem/Issue,www.softprowatersystems.com,31,https://www.softprowatersystems.com/pages/best-water-softener-brands-reviewed?srsltid=AfmBOoopxbQEe9LTBPq1JavK4qXyKwuZcAxAaGgB8GDZOGy9So0wxm1G
The Problems with Hard Water Calcium in water is usually not a health hazard,Problem/Issue,shouldit.com,33,https://shouldit.com/water-filters/reviews/best/water-softeners/
"Depending on the level of hardness, the residue can ruin the appearance of the equipment— leaving stains on the faucets, for example",Problem/Issue,shouldit.com,33,https://shouldit.com/water-filters/reviews/best/water-softeners/
"They create grungy spots and stains on your glassware, tiles, cars, shower heads, toilet bowls, and bathtubs",Problem/Issue,shouldit.com,33,https://shouldit.com/water-filters/reviews/best/water-softeners/
"Soap scum and stains should become less of a problem, and the fabrics will take longer to fade or fray",Problem/Issue,shouldit.com,33,https://shouldit.com/water-filters/reviews/best/water-softeners/
"As a result, you should no longer see a calcium film on your mirrors, glasses, or car after washing",Problem/Issue,shouldit.com,33,https://shouldit.com/water-filters/reviews/best/water-softeners/
"It effectively eliminates the root cause of those annoying brownish stains on your tiles and equipment, as well as buildup in the pipes",Problem/Issue,shouldit.com,33,https://shouldit.com/water-filters/reviews/best/water-softeners/
Step 1: Determine How Hard Your Water Is So you have all the symptoms of a hard water problem in your household,Problem/Issue,shouldit.com,33,https://shouldit.com/water-filters/reviews/best/water-softeners/
"There is no need to soften it, as the health benefits from an adequate amount of minerals most likely outweigh the risks of limescale buildup",Problem/Issue,shouldit.com,33,https://shouldit.com/water-filters/reviews/best/water-softeners/
"Their systems are built with high-quality resin tanks, corrosion-resistant valves and proprietary electronics engineered for longevity",Problem/Issue,homewater101.com,34,https://homewater101.com/best-water-softener-brand
5% scale buildup reduction,Problem/Issue,qualitywatertreatment.com,37,https://qualitywatertreatment.com/pages/highly-rated-water-softener-brands-reviews?srsltid=AfmBOooXFx-DkGe0KHvUUzbOjTbcpf9oLB_uvZAG_f8gSPuTeWVZedFB
We're seeing consistent praise for how effectively these units reduce hard water issues,Problem/Issue,qualitywatertreatment.com,37,https://qualitywatertreatment.com/pages/highly-rated-water-softener-brands-reviews?srsltid=AfmBOooXFx-DkGe0KHvUUzbOjTbcpf9oLB_uvZAG_f8gSPuTeWVZedFB
"By preventing limescale buildup, these portable systems extend appliance lifespan and protect plumbing systems",Problem/Issue,qualitywatertreatment.com,37,https://qualitywatertreatment.com/pages/highly-rated-water-softener-brands-reviews?srsltid=AfmBOooXFx-DkGe0KHvUUzbOjTbcpf9oLB_uvZAG_f8gSPuTeWVZedFB
Its softeners can powerfully resolve hard water issues to enhance the performance of appliances and leave your dishes sparkling,Problem/Issue,icepurefilter.com,38,https://icepurefilter.com/best-water-softener-systems/?srsltid=AfmBOopJSX1rX6Oszm-B9_OtBHGyEuHDyY4xIesvXSqzoG1zwXjZydxp
Tier1 Tier1 is a water treatment company that delivers a vast variety of water softener systems to resist hard water issues,Problem/Issue,icepurefilter.com,38,https://icepurefilter.com/best-water-softener-systems/?srsltid=AfmBOopJSX1rX6Oszm-B9_OtBHGyEuHDyY4xIesvXSqzoG1zwXjZydxp
The company&#8217;s focus is on creating efficient systems that can handle hard water issues immediately,Problem/Issue,icepurefilter.com,38,https://icepurefilter.com/best-water-softener-systems/?srsltid=AfmBOopJSX1rX6Oszm-B9_OtBHGyEuHDyY4xIesvXSqzoG1zwXjZydxp
Lengthened Appliance Lifespan : Less scale buildup can also extend the lifespan of appliances,Problem/Issue,icepurefilter.com,38,https://icepurefilter.com/best-water-softener-systems/?srsltid=AfmBOopJSX1rX6Oszm-B9_OtBHGyEuHDyY4xIesvXSqzoG1zwXjZydxp
"Environmental Impact : These devices use salt or potassium pellets for regeneration, which can increase levels of sodium or potassium in wastewater",Problem/Issue,icepurefilter.com,38,https://icepurefilter.com/best-water-softener-systems/?srsltid=AfmBOopJSX1rX6Oszm-B9_OtBHGyEuHDyY4xIesvXSqzoG1zwXjZydxp
"6%, effectively addressing hard water issues without altering taste or mineral content",Problem/Issue,www.softprowatersystems.com,39,https://www.softprowatersystems.com/pages/homeowners-reveal-best-brands-water-softener-products?srsltid=AfmBOopteUNdrWkrgEC9dxEgegVRpa389-CrQiC9Euh58_iGTPdWpWwJ
Hard water is a problem that affects 85 percent of U,Problem/Issue,www.thisoldhouse.com,40,https://www.thisoldhouse.com/plumbing/best-water-softener
"However, they’re only recommended for small spaces or mild hard water issues",Problem/Issue,www.thisoldhouse.com,40,https://www.thisoldhouse.com/plumbing/best-water-softener
The water hardness level can also mess with the water’s flow rate and can cause scale buildup,Problem/Issue,www.thisoldhouse.com,40,https://www.thisoldhouse.com/plumbing/best-water-softener
"These deposits cause hard water , which can dry skin and hair and reduce the efficiency of household appliances",Problem/Issue,www.bobvila.com,42,https://www.bobvila.com/articles/best-water-softener/
"The neutralized soft water doesn’t just prevent scale buildup; it also breaks down existing scale, giving the home a cleaner look and feel",Problem/Issue,www.bobvila.com,42,https://www.bobvila.com/articles/best-water-softener/
"Is soft water bad for copper pipes? Copper pipes are vulnerable to heated, softened water, which can cause corrosion and pinhole leaks in your system",Problem/Issue,www.bobvila.com,42,https://www.bobvila.com/articles/best-water-softener/
"Each product receives a sentiment breakdown, durability reports, and real user quotes with attribution",Problem/Issue,www.tapwaterdata.com,44,https://www.tapwaterdata.com/filters/water-softener
5 - 7 60 - 120 Recommended — noticeable scale buildup Hard 7 - 10,Problem/Issue,www.tapwaterdata.com,44,https://www.tapwaterdata.com/filters/water-softener
Want Softer Water? Schedule an Appointment Now! Find out how a water softener can help protect your home from hard water damage,Problem/Issue,angelwater.com,47,https://angelwater.com/blog/water-softeners/best-water-softeners-2024/
"Instead, it uses electromagnetic waves to alter the structure of minerals in water, preventing them from causing scale buildup",Problem/Issue,callthelen.com,48,https://callthelen.com/blog/best-water-softener-systems/
This conditioner is effective in reducing scale buildup and extending the lifespan of appliances,Problem/Issue,callthelen.com,48,https://callthelen.com/blog/best-water-softener-systems/
"Financing Options Maintenance Plan Annual tune-ups, priority scheduling, and discounts to prevent breakdown and extend equipment life",Problem/Issue,callthelen.com,48,https://callthelen.com/blog/best-water-softener-systems/
"These minerals can cause all kinds of problems around the house, like soap not lathering well, spots on dishes, dry skin, and even clogged pipes",Problem/Issue,www.waterdropfilter.com,49,https://www.waterdropfilter.com/blogs/buyers-guides/5-best-home-water-softener-systems?srsltid=AfmBOoq135QG8u4ntuyg2udN34JM3Ohxia34cJX7cr3KClh483byym6Q
"It provides whole-house water softening, protects appliances from scale buildup, and helps extend their lifespan",Problem/Issue,www.waterdropfilter.com,49,https://www.waterdropfilter.com/blogs/buyers-guides/5-best-home-water-softener-systems?srsltid=AfmBOoq135QG8u4ntuyg2udN34JM3Ohxia34cJX7cr3KClh483byym6Q
"It combines powerful filtration with salt-free softening to help prevent scale buildup and protect your skin, appliances, and pipes",Problem/Issue,www.waterdropfilter.com,49,https://www.waterdropfilter.com/blogs/buyers-guides/5-best-home-water-softener-systems?srsltid=AfmBOoq135QG8u4ntuyg2udN34JM3Ohxia34cJX7cr3KClh483byym6Q
Be sure to select demand-initiated regeneration and upflow technology to reduce wasted water,Problem/Issue,www.waterdropfilter.com,49,https://www.waterdropfilter.com/blogs/buyers-guides/5-best-home-water-softener-systems?srsltid=AfmBOoq135QG8u4ntuyg2udN34JM3Ohxia34cJX7cr3KClh483byym6Q
"On mildly hard water (3&ndash;6 gpg) the case is thinner: spotting and soap use improve, but payback stretches",Problem/Issue,costtoinstall.com,50,https://costtoinstall.com/best/best-water-softener
Don&#8217;t soften outdoor spigots/irrigation: it wastes salt and the sodium does nothing for a lawn or garden,Problem/Issue,plumbingpicks.com,58,https://plumbingpicks.com/best-water-softener/
"5 gpg) as “very hard,” and that scale shortens the life of water heaters, clogs aerators, spots glassware, and leaves skin and hair filmy",Problem/Issue,watersoftenerlab.com,61,https://watersoftenerlab.com/best/best-water-softener/
5 gpg): the threshold above which the USGS classifies water as “very hard” — the level at which scale damage accelerates,Problem/Issue,watersoftenerlab.com,61,https://watersoftenerlab.com/best/best-water-softener/
Still deciding between the two? See our reverse osmosis vs water softener breakdown,Problem/Issue,filtergearlab.com,63,https://filtergearlab.com/best/best-water-softener/
Oversizing slightly is fine; undersizing means constant regeneration and wasted salt,Problem/Issue,filtergearlab.com,63,https://filtergearlab.com/best/best-water-softener/
"Most homeowners notice scale, spotting, and soap-scum problems worth softening once hardness passes roughly 7 grains per gallon",Problem/Issue,filtergearlab.com,63,https://filtergearlab.com/best/best-water-softener/
"Hard minerals are bumming you out, so improve your water quality while maintaining water pressure and leave scale buildup and itchy skin behind",Problem/Issue,www.drinking-water.co,67,https://www.drinking-water.co/softener/best/
"However, these appear to be isolated incidents rather than common complaints",Problem/Issue,www.drinking-water.co,67,https://www.drinking-water.co/softener/best/
"The price is pretty good, too, about 15% less expensive than the SpringWell model with the same gpg",Problem/Issue,www.drinking-water.co,67,https://www.drinking-water.co/softener/best/
"Also, at around $900, this system is more expensive than the Aquasure system, which has a higher grain capacity",Problem/Issue,www.drinking-water.co,67,https://www.drinking-water.co/softener/best/
"However, at nearly $4,500, this is one of the most expensive water softening systems on the market",Problem/Issue,www.drinking-water.co,67,https://www.drinking-water.co/softener/best/
CONS The exterior of the tank is not resistant to corrosion,Problem/Issue,www.bestadvisor.com,70,https://www.bestadvisor.com/water-softeners
"Surely, with this appliance, your water won't leave any off-white chalky stains on your dishware, dishwasher, or other appliances",Problem/Issue,www.bestadvisor.com,70,https://www.bestadvisor.com/water-softeners
"The problem with chalky depositions and the buildup of limescale may occur in plumbing, pipes, or boilers such as tank water heaters",Problem/Issue,www.bestadvisor.com,70,https://www.bestadvisor.com/water-softeners
"They eliminate frustrating hard water problems—spotty dishes, soap scum, dry skin—while minimizing environmental impact",Problem/Issue,www.softprowatersystems.com,71,https://www.softprowatersystems.com/pages/top-brands-of-water-softeners-believe?srsltid=AfmBOoqY8ebriZYFNzDXm5seSTKjtWcG6CTpRGqgQpVHQACw2BlYXv6n
"Fleck 5600SXT offers exceptional durability at $600-$1,600, reducing limescale buildup throughout your home",Problem/Issue,www.softprowatersystems.com,71,https://www.softprowatersystems.com/pages/top-brands-of-water-softeners-believe?srsltid=AfmBOoqY8ebriZYFNzDXm5seSTKjtWcG6CTpRGqgQpVHQACw2BlYXv6n
The sustainability features in today's market demonstrate how the industry is responding to environmental concerns,Problem/Issue,www.softprowatersystems.com,71,https://www.softprowatersystems.com/pages/top-brands-of-water-softeners-believe?srsltid=AfmBOoqY8ebriZYFNzDXm5seSTKjtWcG6CTpRGqgQpVHQACw2BlYXv6n
Both are NSF-certified and reliable for tackling hard water issues,Problem/Issue,www.softprowatersystems.com,71,https://www.softprowatersystems.com/pages/top-brands-of-water-softeners-believe?srsltid=AfmBOoqY8ebriZYFNzDXm5seSTKjtWcG6CTpRGqgQpVHQACw2BlYXv6n
"Automatic regeneration allows your softener to produce less wastewater, and you save money since the system only regenerates when needed",Problem/Issue,watertechadvice.com,73,https://watertechadvice.com/best-water-softeners/
This water softener doesn’t waste water or discharge salt brine into the environment,Problem/Issue,watertechadvice.com,73,https://watertechadvice.com/best-water-softeners/
"The automatic regeneration feature allows your softener to produce less wastewater, saving you money since the system only regenerates when needed",Problem/Issue,watertechadvice.com,73,https://watertechadvice.com/best-water-softeners/
"Clack &#8211; The main issue with Clack’s products is that they only have a few options, and they are hard to purchase online",Problem/Issue,watertechadvice.com,73,https://watertechadvice.com/best-water-softeners/
Both methods prevent limescale buildup in the home’s pipes and other issues from hard water,Problem/Issue,watertechadvice.com,73,https://watertechadvice.com/best-water-softeners/
"Instead, they change the minerals’ form to reduce scale buildup",Problem/Issue,watertechadvice.com,73,https://watertechadvice.com/best-water-softeners/
"It can be healthier, feels more pleasant on the skin, and protects your appliances and pipes from limescale buildup",Problem/Issue,watertechadvice.com,73,https://watertechadvice.com/best-water-softeners/
Problems with hard water We discussed some of the main signs of hard water but let’s go into detail about why hard water can become problematic,Problem/Issue,watertechadvice.com,73,https://watertechadvice.com/best-water-softeners/
"Can Cause Skin Irritation Hard water can contribute to dry skin, itching, and acne and cause dry scalp and other problems with your skin",Problem/Issue,watertechadvice.com,73,https://watertechadvice.com/best-water-softeners/
They work to prevent scale buildup instead of specifically removing the hard minerals,Problem/Issue,watertechadvice.com,73,https://watertechadvice.com/best-water-softeners/
"Salt-based softeners also need to be connected to an electrical outlet, and they waste water during the regeneration cycle",Problem/Issue,watertechadvice.com,73,https://watertechadvice.com/best-water-softeners/
Salt-based systems cost a further $5 to $10 for salt – and are even more expensive if you use potassium instead of sodium,Problem/Issue,watertechadvice.com,73,https://watertechadvice.com/best-water-softeners/
"However, if you have a small household, you’ll prevent wasted salt by choosing a single-tank softener",Problem/Issue,watertechadvice.com,73,https://watertechadvice.com/best-water-softeners/
"If you want a salt-free version to save on wastewater and maintenance, we recommend Springwell’s Futuresoft model",Problem/Issue,watertechadvice.com,73,https://watertechadvice.com/best-water-softeners/
We've seen how scale buildup can reduce water heater efficiency by 30% and force families to use 50% more detergent,Problem/Issue,qualitywatertreatment.com,74,https://qualitywatertreatment.com/pages/comparison-of-best-water-softeners?srsltid=AfmBOopRKDFBg0YVcWO7_zKOeJ-2xj_ZqnUgX0tSTMIafBvfdcIpYdLj
Hard water problems don't stop there—they cause skin irritation and gradually damage plumbing throughout your home,Problem/Issue,qualitywatertreatment.com,74,https://qualitywatertreatment.com/pages/comparison-of-best-water-softeners?srsltid=AfmBOopRKDFBg0YVcWO7_zKOeJ-2xj_ZqnUgX0tSTMIafBvfdcIpYdLj
Understanding your water quality is the first step toward preventing scale buildup and enjoying the numerous benefits of soft water,Problem/Issue,qualitywatertreatment.com,74,https://qualitywatertreatment.com/pages/comparison-of-best-water-softeners?srsltid=AfmBOopRKDFBg0YVcWO7_zKOeJ-2xj_ZqnUgX0tSTMIafBvfdcIpYdLj
"Conversely, salt-free systems don't actually remove minerals but instead prevent scale buildup through conditioning",Problem/Issue,qualitywatertreatment.com,74,https://qualitywatertreatment.com/pages/comparison-of-best-water-softeners?srsltid=AfmBOopRKDFBg0YVcWO7_zKOeJ-2xj_ZqnUgX0tSTMIafBvfdcIpYdLj
This calculation reveals the ideal grain capacity your system needs to prevent hard water damage,Problem/Issue,qualitywatertreatment.com,74,https://qualitywatertreatment.com/pages/comparison-of-best-water-softeners?srsltid=AfmBOopRKDFBg0YVcWO7_zKOeJ-2xj_ZqnUgX0tSTMIafBvfdcIpYdLj
This small investment of time guarantees your water softener continues protecting your home from hard water damage for years to come,Problem/Issue,qualitywatertreatment.com,74,https://qualitywatertreatment.com/pages/comparison-of-best-water-softeners?srsltid=AfmBOopRKDFBg0YVcWO7_zKOeJ-2xj_ZqnUgX0tSTMIafBvfdcIpYdLj
We recommend setting a monthly reminder to check salt levels and scheduling an annual brine tank cleaning to prevent performance issues,Problem/Issue,qualitywatertreatment.com,77,https://qualitywatertreatment.com/pages/top-affordable-water-softener-brands?srsltid=AfmBOoox80C1HbKubO_oGIUavb8df1kLptYFjiq7T3V1RIBR49uaS0bK
"Their systems are engineered for long-term performance, making them a preferred pick for homeowners dealing with severe hard water issues",Problem/Issue,www.softprowatersystems.com,80,https://www.softprowatersystems.com/pages/best-water-softener-brands?srsltid=AfmBOophlWtUWBCWU5pbNoO496Mw6GXPTsCdZnw5M2mGEplNqKANkPIW
Salt-based water softeners require monthly salt refills and occasional brine tank cleaning to maintain peak performance against hard water problems,Problem/Issue,qualitywatertreatment.com,82,https://qualitywatertreatment.com/pages/best-water-softener-brands-reliability?srsltid=AfmBOoohJNTv4vQfhEhT0J1fdOWACGOPCqvDnkBUJK3eAUqVvr5WMQG_
"Proper water softeners extend appliance lifespan, prevent scale buildup, and improve water quality throughout the home",Problem/Issue,qualitywatertreatment.com,86,https://qualitywatertreatment.com/pages/best-water-softener-for-home-use-comparison?srsltid=AfmBOoqcO4urGwfqYUOpFkkkq-etblbZ3g9JylEx8agN5N-u97GXCg7X
"If you're battling scale buildup on fixtures, appliance damage, or spotty dishes, your regular filter isn't the solution",Problem/Issue,qualitywatertreatment.com,86,https://qualitywatertreatment.com/pages/best-water-softener-for-home-use-comparison?srsltid=AfmBOoqcO4urGwfqYUOpFkkkq-etblbZ3g9JylEx8agN5N-u97GXCg7X
The softening process doesn't just prevent destructive limescale buildup; it revolutionizes your daily life,Problem/Issue,qualitywatertreatment.com,92,https://qualitywatertreatment.com/pages/top-brands-of-water-softeners-best-pick?srsltid=AfmBOopinYV1ug9TnaHiI9dFRBkH00OIk0XEMHXuKx0wcZww6yM9RsVi
Salt-free water conditioners don't actually remove hardness—they simply prevent scale buildup,Problem/Issue,qualitywatertreatment.com,92,https://qualitywatertreatment.com/pages/top-brands-of-water-softeners-best-pick?srsltid=AfmBOopinYV1ug9TnaHiI9dFRBkH00OIk0XEMHXuKx0wcZww6yM9RsVi
Which brand of water softener system is the best?,People Also Ask,Google,N/A,
What type of water softener is the most effective?,People Also Ask,Google,N/A,
Can I write off a water softener on my taxes?,People Also Ask,Google,N/A,
How much is a water softener for a 2000 sq ft house?,People Also Ask,Google,N/A,
